Date,Colombo_Temp_C,Colombo_Precip_mm
2023-01-01,24.7,0.0
2023-01-02,24.9,0.0
2023-01-03,25.6,0.1
2023-01-04,25.7,0.0
2023-01-05,26.3,1.2
2023-01-06,25.1,8.2
2023-01-07,25.0,12.4
2023-01-08,25.7,3.4
2023-01-09,26.0,0.0
2023-01-10,25.1,0.0
2023-01-11,24.8,0.0
2023-01-12,24.8,0.0
2023-01-13,24.5,0.0
2023-01-14,25.4,0.0
2023-01-15,24.8,1.3
2023-01-16,24.8,8.9
2023-01-17,24.8,5.1
2023-01-18,25.4,0.1
2023-01-19,25.3,0.0
2023-01-20,25.6,0.0
2023-01-21,25.3,0.8
2023-01-22,25.1,1.9
2023-01-23,24.9,16.7
2023-01-24,24.2,13.8
2023-01-25,25.1,0.1
2023-01-26,25.1,0.5
2023-01-27,25.5,0.3
2023-01-28,25.6,0.0
2023-01-29,24.8,0.1
2023-01-30,24.8,5.7
2023-01-31,24.9,5.3
2023-02-01,25.1,3.1
2023-02-02,25.0,2.7
2023-02-03,24.7,5.3
2023-02-04,24.9,6.9
2023-02-05,25.9,0.5
2023-02-06,25.5,1.0
2023-02-07,25.3,4.8
2023-02-08,26.1,0.2
2023-02-09,25.6,0.2
2023-02-10,25.7,0.3
2023-02-11,25.3,0.0
2023-02-12,25.4,0.0
2023-02-13,25.4,0.2
2023-02-14,25.5,0.8
2023-02-15,25.9,0.0
2023-02-16,25.3,0.0
2023-02-17,26.0,0.0
2023-02-18,27.1,0.0
2023-02-19,25.7,9.7
2023-02-20,25.1,10.4
2023-02-21,25.3,3.1
2023-02-22,25.5,0.1
2023-02-23,25.4,1.1
2023-02-24,25.7,0.9
2023-02-25,26.1,7.3
2023-02-26,25.5,0.0
2023-02-27,26.0,0.1
2023-02-28,25.9,8.6
2023-03-01,25.6,4.7
2023-03-02,26.2,0.0
2023-03-03,26.5,2.8
2023-03-04,25.8,19.4
2023-03-05,26.1,2.1
2023-03-06,25.9,8.1
2023-03-07,26.0,7.9
2023-03-08,26.6,1.7
2023-03-09,26.6,0.3
2023-03-10,26.2,1.4
2023-03-11,26.0,12.5
2023-03-12,26.0,16.3
2023-03-13,26.0,11.4
2023-03-14,26.0,3.2
2023-03-15,26.5,2.7
2023-03-16,25.8,2.6
2023-03-17,26.5,0.8
2023-03-18,26.7,8.9
2023-03-19,26.2,4.6
2023-03-20,25.9,10.0
2023-03-21,26.7,3.1
2023-03-22,26.8,0.8
2023-03-23,26.1,5.1
2023-03-24,26.5,0.5
2023-03-25,26.7,0.6
2023-03-26,26.9,2.4
2023-03-27,27.2,0.2
2023-03-28,27.3,2.5
2023-03-29,27.3,1.8
2023-03-30,26.9,1.7
2023-03-31,27.1,1.1
2023-04-01,26.9,0.5
2023-04-02,27.1,0.3
2023-04-03,27.1,3.2
2023-04-04,26.2,2.5
2023-04-05,27.0,0.8
2023-04-06,27.1,1.6
2023-04-07,27.2,2.7
2023-04-08,26.1,5.4
2023-04-09,27.3,0.0
2023-04-10,27.6,1.5
2023-04-11,27.7,0.0
2023-04-12,27.8,0.7
2023-04-13,27.9,0.9
2023-04-14,27.3,3.5
2023-04-15,27.3,3.9
2023-04-16,27.2,4.0
2023-04-17,28.3,0.5
2023-04-18,28.5,0.9
2023-04-19,28.7,1.4
2023-04-20,28.0,2.8
2023-04-21,27.8,0.9
2023-04-22,28.2,1.8
2023-04-23,28.6,2.4
2023-04-24,27.3,18.7
2023-04-25,27.0,2.2
2023-04-26,26.7,15.9
2023-04-27,26.9,2.7
2023-04-28,26.2,24.6
2023-04-29,25.9,22.1
2023-04-30,26.4,9.8
2023-05-01,26.1,27.0
2023-05-02,26.5,9.1
2023-05-03,26.0,28.1
2023-05-04,26.7,30.5
2023-05-05,26.2,10.4
2023-05-06,26.4,13.0
2023-05-07,26.7,12.6
2023-05-08,27.2,11.3
2023-05-09,26.6,13.0
2023-05-10,26.7,9.7
2023-05-11,26.6,8.2
2023-05-12,27.3,5.6
2023-05-13,27.8,7.7
2023-05-14,27.5,4.2
2023-05-15,28.5,3.5
2023-05-16,28.5,3.9
2023-05-17,28.5,5.0
2023-05-18,27.7,3.1
2023-05-19,27.3,1.1
2023-05-20,27.1,2.9
2023-05-21,27.0,3.2
2023-05-22,27.1,2.2
2023-05-23,27.6,0.5
2023-05-24,27.9,0.7
2023-05-25,28.2,0.6
2023-05-26,28.4,4.7
2023-05-27,27.9,4.7
2023-05-28,27.8,3.1
2023-05-29,28.0,3.0
2023-05-30,27.1,2.5
2023-05-31,27.5,3.2
2023-06-01,26.6,10.1
2023-06-02,26.9,3.3
2023-06-03,27.6,8.8
2023-06-04,27.0,6.6
2023-06-05,26.5,9.5
2023-06-06,27.1,12.5
2023-06-07,27.0,11.7
2023-06-08,27.4,7.8
2023-06-09,27.2,5.9
2023-06-10,27.2,8.4
2023-06-11,27.4,11.7
2023-06-12,27.1,15.5
2023-06-13,26.9,19.3
2023-06-14,27.1,18.9
2023-06-15,27.7,8.6
2023-06-16,28.1,9.3
2023-06-17,27.7,6.7
2023-06-18,27.6,8.6
2023-06-19,27.7,3.9
2023-06-20,27.0,9.5
2023-06-21,25.9,23.3
2023-06-22,27.0,8.6
2023-06-23,27.3,4.9
2023-06-24,27.5,9.8
2023-06-25,26.2,24.2
2023-06-26,26.0,33.1
2023-06-27,25.9,35.4
2023-06-28,26.2,8.8
2023-06-29,25.8,30.2
2023-06-30,27.1,4.4
2023-07-01,26.0,9.1
2023-07-02,25.9,25.1
2023-07-03,26.9,20.1
2023-07-04,26.3,17.8
2023-07-05,26.2,18.8
2023-07-06,26.6,9.3
2023-07-07,26.2,12.7
2023-07-08,26.4,5.7
2023-07-09,26.8,1.7
2023-07-10,27.2,5.7
2023-07-11,26.9,2.6
2023-07-12,27.3,1.5
2023-07-13,26.3,7.6
2023-07-14,26.7,14.1
2023-07-15,27.4,2.6
2023-07-16,27.4,7.8
2023-07-17,27.3,5.4
2023-07-18,27.2,5.2
2023-07-19,27.9,0.5
2023-07-20,27.3,7.7
2023-07-21,27.5,1.6
2023-07-22,27.7,2.5
2023-07-23,27.2,4.0
2023-07-24,26.4,16.7
2023-07-25,26.7,5.6
2023-07-26,26.0,23.9
2023-07-27,26.7,2.5
2023-07-28,27.2,2.6
2023-07-29,27.4,2.3
2023-07-30,27.2,0.9
2023-07-31,27.2,6.5
2023-08-01,27.1,3.5
2023-08-02,27.0,2.9
2023-08-03,27.0,3.8
2023-08-04,26.9,4.9
2023-08-05,27.0,3.4
2023-08-06,27.1,0.7
2023-08-07,27.0,3.7
2023-08-08,27.0,5.0
2023-08-09,27.0,2.9
2023-08-10,27.0,3.8
2023-08-11,26.6,3.0
2023-08-12,26.2,6.8
2023-08-13,27.2,1.8
2023-08-14,27.0,4.1
2023-08-15,27.1,1.9
2023-08-16,27.0,3.3
2023-08-17,27.3,0.9
2023-08-18,26.9,4.5
2023-08-19,27.5,1.5
2023-08-20,27.3,2.5
2023-08-21,27.4,4.0
2023-08-22,27.3,2.3
2023-08-23,27.1,2.4
2023-08-24,27.5,2.2
2023-08-25,27.4,2.5
2023-08-26,27.2,3.3
2023-08-27,27.6,2.3
2023-08-28,26.8,5.6
2023-08-29,26.2,19.3
2023-08-30,26.6,15.7
2023-08-31,25.9,25.1
2023-09-01,25.4,23.9
2023-09-02,25.6,24.0
2023-09-03,25.6,32.4
2023-09-04,26.4,23.7
2023-09-05,26.2,20.4
2023-09-06,25.3,18.2
2023-09-07,25.3,23.9
2023-09-08,26.0,18.7
2023-09-09,26.1,14.7
2023-09-10,25.9,36.4
2023-09-11,25.5,34.4
2023-09-12,27.0,14.7
2023-09-13,26.4,25.8
2023-09-14,25.5,17.5
2023-09-15,26.3,2.9
2023-09-16,27.2,0.9
2023-09-17,26.7,11.3
2023-09-18,25.9,7.2
2023-09-19,25.5,13.3
2023-09-20,25.7,11.2
2023-09-21,26.9,2.0
2023-09-22,25.9,12.7
2023-09-23,26.4,2.5
2023-09-24,26.5,22.7
2023-09-25,26.4,28.9
2023-09-26,26.1,14.1
2023-09-27,25.6,14.6
2023-09-28,25.3,21.4
2023-09-29,25.3,35.5
2023-09-30,25.9,24.7
2023-10-01,25.8,30.8
2023-10-02,25.7,19.0
2023-10-03,25.7,26.0
2023-10-04,25.9,13.1
2023-10-05,25.7,39.1
2023-10-06,25.5,21.7
2023-10-07,25.8,19.8
2023-10-08,26.3,10.2
2023-10-09,26.4,9.9
2023-10-10,26.2,10.5
2023-10-11,25.2,29.2
2023-10-12,25.6,4.7
2023-10-13,25.6,3.8
2023-10-14,25.6,9.0
2023-10-15,25.0,37.0
2023-10-16,26.3,0.3
2023-10-17,25.3,24.9
2023-10-18,24.5,73.8
2023-10-19,24.8,12.0
2023-10-20,25.1,17.0
2023-10-21,25.5,15.7
2023-10-22,25.7,23.5
2023-10-23,25.2,6.5
2023-10-24,26.0,12.8
2023-10-25,25.5,9.8
2023-10-26,25.7,9.5
2023-10-27,26.1,2.7
2023-10-28,25.4,23.9
2023-10-29,25.1,24.4
2023-10-30,25.4,7.3
2023-10-31,25.3,16.5
2023-11-01,25.5,10.4
2023-11-02,25.3,17.6
2023-11-03,25.1,27.2
2023-11-04,25.1,26.7
2023-11-05,25.3,15.7
2023-11-06,25.3,16.5
2023-11-07,25.3,15.5
2023-11-08,25.2,20.8
2023-11-09,25.2,25.3
2023-11-10,25.4,19.5
2023-11-11,25.6,5.5
2023-11-12,25.2,32.9
2023-11-13,25.3,9.8
2023-11-14,25.2,12.4
2023-11-15,25.8,3.8
2023-11-16,26.4,5.4
2023-11-17,26.2,7.2
2023-11-18,25.6,30.4
2023-11-19,24.9,33.2
2023-11-20,25.8,1.9
2023-11-21,25.7,22.3
2023-11-22,25.1,44.5
2023-11-23,25.5,46.3
2023-11-24,26.0,1.8
2023-11-25,25.7,4.2
2023-11-26,25.9,0.2
2023-11-27,26.0,11.5
2023-11-28,25.3,10.4
2023-11-29,25.6,2.0
2023-11-30,25.6,7.7
2023-12-01,25.4,18.7
2023-12-02,25.8,6.6
2023-12-03,25.5,21.7
2023-12-04,25.3,28.4
2023-12-05,25.5,13.1
2023-12-06,26.1,6.4
2023-12-07,26.3,6.3
2023-12-08,25.4,29.5
2023-12-09,25.6,8.7
2023-12-10,25.1,16.6
2023-12-11,25.7,8.6
2023-12-12,25.0,35.5
2023-12-13,26.5,2.0
2023-12-14,26.0,17.6
2023-12-15,25.4,40.3
2023-12-16,25.3,11.5
2023-12-17,25.3,11.7
2023-12-18,25.3,19.6
2023-12-19,25.7,8.3
2023-12-20,26.0,16.3
2023-12-21,26.2,1.2
2023-12-22,26.8,0.0
2023-12-23,26.6,0.0
2023-12-24,26.4,14.9
2023-12-25,26.5,0.9
2023-12-26,26.8,0.4
2023-12-27,27.0,0.5
2023-12-28,26.3,23.8
2023-12-29,25.5,6.2
2023-12-30,25.5,13.9
2023-12-31,25.9,21.2
2024-01-01,25.5,10.2
2024-01-02,26.1,14.3
2024-01-03,26.3,2.9
2024-01-04,26.2,5.1
2024-01-05,26.1,10.8
2024-01-06,25.6,7.8
2024-01-07,25.2,17.2
2024-01-08,25.2,15.7
2024-01-09,25.5,4.1
2024-01-10,25.4,6.2
2024-01-11,25.6,9.2
2024-01-12,26.6,0.0
2024-01-13,26.6,0.0
2024-01-14,26.3,0.0
2024-01-15,25.0,0.0
2024-01-16,24.4,0.0
2024-01-17,24.9,0.1
2024-01-18,25.8,0.7
2024-01-19,25.6,4.9
2024-01-20,25.2,15.1
2024-01-21,26.2,0.4
2024-01-22,26.8,0.0
2024-01-23,26.9,0.1
2024-01-24,26.0,0.2
2024-01-25,25.3,0.0
2024-01-26,26.0,0.0
2024-01-27,27.1,0.0
2024-01-28,27.6,0.7
2024-01-29,27.4,3.7
2024-01-30,26.6,8.1
2024-01-31,25.7,0.6
2024-02-01,26.1,3.5
2024-02-02,26.3,0.6
2024-02-03,26.7,0.6
2024-02-04,26.5,3.3
2024-02-05,25.8,3.5
2024-02-06,26.9,0.0
2024-02-07,26.5,0.0
2024-02-08,25.5,0.0
2024-02-09,26.2,0.0
2024-02-10,27.3,0.0
2024-02-11,28.1,0.0
2024-02-12,28.1,0.3
2024-02-13,28.3,1.6
2024-02-14,28.7,3.9
2024-02-15,27.6,6.0
2024-02-16,27.2,6.0
2024-02-17,28.4,1.1
2024-02-18,27.6,0.4
2024-02-19,27.4,0.0
2024-02-20,27.4,1.4
2024-02-21,28.1,0.1
2024-02-22,28.0,0.5
2024-02-23,28.3,0.1
2024-02-24,27.7,1.1
2024-02-25,27.9,0.1
2024-02-26,29.2,0.8
2024-02-27,29.3,1.3
2024-02-28,29.1,1.9
2024-02-29,28.2,0.2
2024-03-01,29.2,0.5
2024-03-02,28.2,0.1
2024-03-03,27.8,1.2
2024-03-04,27.8,0.0
2024-03-05,27.4,0.0
2024-03-06,27.6,0.1
2024-03-07,27.8,0.0
2024-03-08,27.6,2.4
2024-03-09,27.7,0.0
2024-03-10,28.0,0.1
2024-03-11,27.7,0.0
2024-03-12,28.4,0.4
2024-03-13,28.4,1.1
2024-03-14,27.7,0.6
2024-03-15,28.3,0.0
2024-03-16,28.5,0.0
2024-03-17,28.4,0.2
2024-03-18,28.3,0.0
2024-03-19,28.5,0.1
2024-03-20,28.7,0.3
2024-03-21,28.2,3.1
2024-03-22,27.2,9.7
2024-03-23,27.5,10.8
2024-03-24,27.0,13.2
2024-03-25,27.7,0.7
2024-03-26,28.3,1.0
2024-03-27,27.8,17.7
2024-03-28,28.2,13.3
2024-03-29,28.4,0.5
2024-03-30,28.3,1.9
2024-03-31,28.6,0.9
2024-04-01,28.3,2.2
2024-04-02,29.1,2.4
2024-04-03,28.2,2.5
2024-04-04,28.0,4.7
2024-04-05,28.3,2.0
2024-04-06,28.9,3.2
2024-04-07,28.4,1.8
2024-04-08,28.4,2.6
2024-04-09,28.8,0.2
2024-04-10,29.6,0.5
2024-04-11,28.3,8.5
2024-04-12,27.0,27.9
2024-04-13,27.6,1.4
2024-04-14,26.9,27.3
2024-04-15,27.4,12.3
2024-04-16,26.9,22.1
2024-04-17,27.8,0.9
2024-04-18,28.2,0.4
2024-04-19,28.4,1.9
2024-04-20,28.2,5.4
2024-04-21,28.2,2.2
2024-04-22,28.2,2.3
2024-04-23,28.0,3.4
2024-04-24,28.1,2.8
2024-04-25,28.2,3.1
2024-04-26,28.6,5.1
2024-04-27,27.9,7.5
2024-04-28,28.3,2.3
2024-04-29,27.6,7.4
2024-04-30,27.9,10.9
2024-05-01,28.2,3.8
2024-05-02,29.1,0.0
2024-05-03,29.5,3.4
2024-05-04,29.3,1.0
2024-05-05,28.8,2.1
2024-05-06,28.8,2.1
2024-05-07,28.5,2.4
2024-05-08,28.4,7.0
2024-05-09,28.3,17.8
2024-05-10,27.8,16.5
2024-05-11,28.2,25.9
2024-05-12,26.8,30.0
2024-05-13,27.9,16.4
2024-05-14,27.4,26.2
2024-05-15,27.5,6.9
2024-05-16,27.0,9.2
2024-05-17,27.0,8.6
2024-05-18,26.4,51.9
2024-05-19,26.1,39.8
2024-05-20,25.9,47.2
2024-05-21,27.3,11.2
2024-05-22,27.7,28.3
2024-05-23,27.4,35.3
2024-05-24,28.0,17.1
2024-05-25,27.4,60.0
2024-05-26,27.1,37.9
2024-05-27,26.9,42.7
2024-05-28,27.6,37.3
2024-05-29,27.5,25.1
2024-05-30,27.6,31.0
2024-05-31,27.6,12.2
2024-06-01,26.2,42.5
2024-06-02,26.2,28.1
2024-06-03,26.7,7.4
2024-06-04,27.4,3.0
2024-06-05,27.6,2.0
2024-06-06,27.3,2.1
2024-06-07,27.0,6.8
2024-06-08,27.1,3.8
2024-06-09,26.9,20.8
2024-06-10,27.6,5.2
2024-06-11,27.6,6.3
2024-06-12,27.3,19.5
2024-06-13,27.7,3.6
2024-06-14,27.9,2.6
2024-06-15,27.1,7.7
2024-06-16,27.3,4.1
2024-06-17,27.7,3.0
2024-06-18,26.6,15.3
2024-06-19,26.3,18.7
2024-06-20,26.9,10.7
2024-06-21,26.7,21.1
2024-06-22,26.9,16.2
2024-06-23,27.2,9.1
2024-06-24,27.2,13.4
2024-06-25,26.2,40.2
2024-06-26,26.6,26.0
2024-06-27,27.5,4.3
2024-06-28,27.0,8.3
2024-06-29,27.0,1.1
2024-06-30,26.9,2.7
2024-07-01,26.6,10.0
2024-07-02,27.7,1.9
2024-07-03,26.9,12.0
2024-07-04,26.7,7.3
2024-07-05,25.9,28.8
2024-07-06,26.7,5.9
2024-07-07,27.0,2.7
2024-07-08,26.5,15.8
2024-07-09,27.7,1.3
2024-07-10,27.4,5.6
2024-07-11,27.4,3.0
2024-07-12,27.2,5.7
2024-07-13,26.1,25.1
2024-07-14,27.8,5.4
2024-07-15,26.6,32.1
2024-07-16,26.8,8.9
2024-07-17,27.1,20.7
2024-07-18,27.0,5.9
2024-07-19,27.7,4.3
2024-07-20,28.0,0.4
2024-07-21,27.6,0.0
2024-07-22,26.9,6.4
2024-07-23,27.3,2.1
2024-07-24,27.7,2.7
2024-07-25,27.6,3.7
2024-07-26,27.9,1.9
2024-07-27,27.9,3.4
2024-07-28,27.6,20.9
2024-07-29,26.1,39.4
2024-07-30,26.6,13.2
2024-07-31,27.0,19.5
2024-08-01,27.0,5.4
2024-08-02,26.5,9.1
2024-08-03,27.4,1.7
2024-08-04,27.2,5.1
2024-08-05,27.1,5.7
2024-08-06,27.2,2.2
2024-08-07,27.3,1.4
2024-08-08,26.9,13.2
2024-08-09,27.3,0.8
2024-08-10,27.1,10.0
2024-08-11,26.5,19.6
2024-08-12,26.3,32.0
2024-08-13,25.9,4.1
2024-08-14,26.4,4.9
2024-08-15,26.9,3.7
2024-08-16,26.2,34.3
2024-08-17,26.0,48.3
2024-08-18,26.6,20.8
2024-08-19,26.3,18.6
2024-08-20,25.7,12.0
2024-08-21,25.2,19.6
2024-08-22,26.7,1.7
2024-08-23,27.0,2.7
2024-08-24,27.0,2.0
2024-08-25,27.2,2.2
2024-08-26,27.5,1.3
2024-08-27,27.8,0.1
2024-08-28,27.8,0.4
2024-08-29,27.0,7.2
2024-08-30,25.8,22.6
2024-08-31,25.8,21.3
2024-09-01,25.8,27.2
2024-09-02,26.7,38.7
2024-09-03,26.0,36.5
2024-09-04,26.8,14.4
2024-09-05,27.9,3.5
2024-09-06,27.9,4.3
2024-09-07,27.9,2.2
2024-09-08,27.1,3.4
2024-09-09,26.9,17.0
2024-09-10,26.5,17.4
2024-09-11,26.2,21.5
2024-09-12,26.9,2.3
2024-09-13,27.0,5.3
2024-09-14,27.0,6.2
2024-09-15,28.0,1.6
2024-09-16,27.1,19.2
2024-09-17,27.4,3.9
2024-09-18,27.4,1.7
2024-09-19,26.9,2.9
2024-09-20,27.7,2.0
2024-09-21,27.5,5.6
2024-09-22,27.1,8.1
2024-09-23,27.9,1.8
2024-09-24,27.0,9.5
2024-09-25,27.0,4.5
2024-09-26,27.2,2.1
2024-09-27,26.2,19.1
2024-09-28,26.7,5.4
2024-09-29,26.2,9.9
2024-09-30,25.9,13.2
2024-10-01,26.8,3.4
2024-10-02,27.2,1.1
2024-10-03,27.2,1.2
2024-10-04,27.6,0.3
2024-10-05,27.1,5.0
2024-10-06,27.1,2.5
2024-10-07,25.1,39.7
2024-10-08,26.1,11.7
2024-10-09,26.5,12.7
2024-10-10,25.5,26.9
2024-10-11,25.2,52.9
2024-10-12,25.5,35.8
2024-10-13,25.4,30.9
2024-10-14,24.7,41.7
2024-10-15,26.2,13.4
2024-10-16,26.8,4.5
2024-10-17,27.6,1.7
2024-10-18,27.2,0.7
2024-10-19,26.7,2.4
2024-10-20,26.2,3.1
2024-10-21,25.9,9.3
2024-10-22,25.7,3.5
2024-10-23,25.1,26.2
2024-10-24,26.2,14.2
2024-10-25,26.4,10.8
2024-10-26,25.6,19.5
2024-10-27,25.9,7.3
2024-10-28,25.8,15.9
2024-10-29,26.8,3.8
2024-10-30,26.9,1.7
2024-10-31,26.2,6.8
2024-11-01,25.6,12.0
2024-11-02,25.6,12.4
2024-11-03,25.7,4.4
2024-11-04,25.3,18.4
2024-11-05,25.2,9.5
2024-11-06,26.4,0.3
2024-11-07,26.1,2.6
2024-11-08,25.1,25.2
2024-11-09,26.3,1.7
2024-11-10,26.4,1.0
2024-11-11,26.6,1.2
2024-11-12,26.4,1.6
2024-11-13,26.9,4.9
2024-11-14,26.1,3.0
2024-11-15,25.7,16.7
2024-11-16,25.9,5.1
2024-11-17,26.4,5.8
2024-11-18,25.8,8.4
2024-11-19,25.4,19.8
2024-11-20,25.1,19.4
2024-11-21,25.7,13.1
2024-11-22,25.5,19.5
2024-11-23,25.7,1.1
2024-11-24,25.4,10.0
2024-11-25,24.3,26.0
2024-11-26,24.8,40.3
2024-11-27,25.6,57.0
2024-11-28,25.9,5.6
2024-11-29,25.6,5.0
2024-11-30,26.6,3.2
2024-12-01,27.9,1.5
2024-12-02,28.0,0.0
2024-12-03,27.4,0.0
2024-12-04,26.8,0.0
2024-12-05,26.3,2.2
2024-12-06,27.0,0.2
2024-12-07,26.6,1.7
2024-12-08,26.3,13.2
2024-12-09,27.1,1.9
2024-12-10,27.2,0.2
2024-12-11,27.0,3.6
2024-12-12,26.2,8.7
2024-12-13,25.9,17.9
2024-12-14,25.5,10.3
2024-12-15,26.7,0.0
2024-12-16,25.4,4.3
2024-12-17,25.8,7.4
2024-12-18,26.2,0.8
2024-12-19,26.5,1.9
2024-12-20,26.2,9.4
2024-12-21,26.0,7.0
2024-12-22,27.0,5.2
2024-12-23,26.8,0.0
2024-12-24,26.6,0.0
2024-12-25,27.3,0.0
2024-12-26,27.2,0.5
2024-12-27,26.9,9.6
2024-12-28,27.0,1.8
2024-12-29,26.6,4.6
2024-12-30,26.1,10.9
2024-12-31,25.8,5.2
2025-01-01,25.1,23.8
2025-01-02,25.1,4.1
2025-01-03,26.1,0.2
2025-01-04,25.6,2.7
2025-01-05,26.1,0.8
2025-01-06,26.1,0.0
2025-01-07,26.0,0.0
2025-01-08,26.7,0.2
2025-01-09,27.7,2.5
2025-01-10,27.5,5.6
2025-01-11,26.4,1.6
2025-01-12,24.4,25.2
2025-01-13,25.4,16.6
2025-01-14,24.8,18.8
2025-01-15,25.5,9.3
2025-01-16,25.4,3.6
2025-01-17,26.4,0.0
2025-01-18,25.6,27.5
2025-01-19,23.9,40.1
2025-01-20,25.6,10.1
2025-01-21,24.9,8.2
2025-01-22,25.0,10.1
2025-01-23,24.9,25.1
2025-01-24,24.7,5.3
2025-01-25,25.9,0.7
2025-01-26,26.2,2.9
2025-01-27,25.6,0.0
2025-01-28,24.5,1.4
2025-01-29,25.5,18.8
2025-01-30,25.6,8.9
2025-01-31,26.0,4.5
2025-02-01,25.8,1.5
2025-02-02,26.0,0.0
2025-02-03,26.4,0.0
2025-02-04,25.5,0.0
2025-02-05,26.6,0.5
2025-02-06,26.6,0.3
2025-02-07,28.0,0.0
2025-02-08,27.7,0.0
2025-02-09,27.5,0.0
2025-02-10,27.2,0.0
2025-02-11,28.1,1.0
2025-02-12,28.5,0.4
2025-02-13,27.7,0.1
2025-02-14,27.2,0.4
2025-02-15,27.6,0.0
2025-02-16,27.7,0.0
2025-02-17,28.2,1.1
2025-02-18,27.9,0.6
2025-02-19,27.6,1.1
2025-02-20,28.0,0.0
2025-02-21,28.0,0.8
2025-02-22,27.6,0.4
2025-02-23,27.0,1.4
2025-02-24,27.8,3.6
2025-02-25,28.9,6.1
2025-02-26,27.8,6.4
2025-02-27,26.3,9.3
2025-02-28,26.2,14.0
2025-03-01,25.8,39.1
2025-03-02,25.5,14.4
2025-03-03,25.5,5.7
2025-03-04,26.3,0.0
2025-03-05,26.9,1.1
2025-03-06,27.2,0.0
2025-03-07,26.8,1.2
2025-03-08,27.4,0.0
2025-03-09,27.8,0.1
2025-03-10,28.3,0.0
2025-03-11,25.9,12.4
2025-03-12,27.1,0.5
2025-03-13,27.1,2.3
2025-03-14,27.1,3.3
2025-03-15,26.7,15.3
2025-03-16,26.4,1.3
2025-03-17,26.8,0.6
2025-03-18,27.4,1.3
2025-03-19,26.7,7.5
2025-03-20,27.1,0.2
2025-03-21,27.6,2.7
2025-03-22,27.4,0.8
2025-03-23,27.5,1.9
2025-03-24,27.5,3.7
2025-03-25,27.7,0.8
2025-03-26,27.5,4.0
2025-03-27,28.3,0.1
2025-03-28,28.7,1.3
2025-03-29,28.9,0.3
2025-03-30,28.9,1.1
2025-03-31,28.3,1.6
2025-04-01,28.5,0.9
2025-04-02,27.9,11.4
2025-04-03,27.1,4.3
2025-04-04,26.2,7.6
2025-04-05,26.5,19.8
2025-04-06,26.7,8.0
2025-04-07,26.6,3.0
2025-04-08,27.1,1.7
2025-04-09,26.5,6.9
2025-04-10,25.4,15.6
2025-04-11,25.7,17.9
2025-04-12,27.3,5.5
2025-04-13,27.4,4.6
2025-04-14,27.3,2.0
2025-04-15,27.2,2.0
2025-04-16,28.0,0.2
2025-04-17,28.7,0.7
2025-04-18,28.7,0.4
2025-04-19,29.0,3.7
2025-04-20,28.3,4.7
2025-04-21,27.7,2.3
2025-04-22,27.5,3.0
2025-04-23,27.7,2.5
2025-04-24,28.0,3.3
2025-04-25,27.2,7.9
2025-04-26,27.5,1.4
2025-04-27,27.7,7.0
2025-04-28,27.7,3.9
2025-04-29,27.6,10.6
2025-04-30,26.2,14.2
2025-05-01,27.4,1.5
2025-05-02,27.9,3.7
2025-05-03,27.4,10.6
2025-05-04,28.4,2.0
2025-05-05,28.4,1.9
2025-05-06,28.1,1.6
2025-05-07,26.5,20.3
2025-05-08,27.3,4.1
2025-05-09,28.1,0.3
2025-05-10,28.6,1.7
2025-05-11,28.7,1.2
2025-05-12,28.2,4.6
2025-05-13,27.9,7.9
2025-05-14,27.9,10.8
2025-05-15,28.2,2.6
2025-05-16,28.5,7.0
2025-05-17,27.5,8.3
2025-05-18,26.4,13.7
2025-05-19,26.6,18.4
2025-05-20,27.9,10.0
2025-05-21,27.7,8.5
2025-05-22,27.9,18.9
2025-05-23,27.9,7.7
2025-05-24,27.0,33.1
2025-05-25,27.8,5.8
2025-05-26,27.6,13.3
2025-05-27,27.6,7.4
2025-05-28,28.6,3.4
2025-05-29,28.3,11.9
2025-05-30,26.9,17.7
2025-05-31,27.5,14.3
2025-06-01,28.3,3.9
2025-06-02,27.7,7.3
2025-06-03,28.2,2.9
2025-06-04,27.1,6.9
2025-06-05,27.7,4.8
2025-06-06,27.9,3.3
2025-06-07,27.9,2.0
2025-06-08,28.1,1.5
2025-06-09,28.3,2.8
2025-06-10,26.3,21.1
2025-06-11,26.2,40.7
2025-06-12,26.9,13.3
2025-06-13,26.7,24.5
2025-06-14,26.0,29.8
2025-06-15,26.1,16.5
2025-06-16,26.5,27.1
2025-06-17,26.8,10.0
2025-06-18,27.5,1.3
2025-06-19,27.4,3.2
2025-06-20,27.0,5.9
2025-06-21,27.1,6.0
2025-06-22,27.5,5.1
2025-06-23,27.1,4.8
2025-06-24,27.8,2.8
2025-06-25,27.3,6.8
2025-06-26,26.0,20.7
2025-06-27,26.8,7.2
2025-06-28,26.1,14.2
2025-06-29,27.1,6.0
2025-06-30,27.9,0.8
2025-07-01,27.9,2.0
2025-07-02,27.7,1.9
2025-07-03,27.0,10.8
2025-07-04,27.5,1.2
2025-07-05,28.0,2.1
2025-07-06,27.6,5.5
2025-07-07,28.5,1.4
2025-07-08,28.6,0.4
2025-07-09,28.5,3.5
2025-07-10,27.8,4.1
2025-07-11,28.3,2.1
2025-07-12,28.1,6.1
2025-07-13,28.0,12.4
2025-07-14,27.0,24.3
2025-07-15,27.4,2.5
2025-07-16,26.7,44.3
2025-07-17,27.5,3.6
2025-07-18,27.1,9.4
2025-07-19,26.6,11.7
2025-07-20,26.1,14.3
2025-07-21,25.8,22.4
2025-07-22,26.2,19.3
2025-07-23,26.2,10.8
2025-07-24,26.3,12.7
2025-07-25,26.3,4.1
2025-07-26,26.0,25.9
2025-07-27,26.4,0.3
2025-07-28,26.9,0.6
2025-07-29,27.0,0.1
2025-07-30,26.8,0.0
2025-07-31,27.0,2.3
2025-08-01,26.9,6.8
2025-08-02,26.5,6.6
2025-08-03,25.9,16.8
2025-08-04,26.6,3.3
2025-08-05,26.3,9.4
2025-08-06,26.6,1.2
2025-08-07,26.7,3.3
2025-08-08,26.9,2.6
2025-08-09,26.7,0.7
2025-08-10,26.9,3.1
2025-08-11,25.6,8.8
2025-08-12,26.4,5.1
2025-08-13,26.5,4.9
2025-08-14,26.4,5.9
2025-08-15,26.5,3.5
2025-08-16,26.9,5.2
2025-08-17,26.8,8.7
2025-08-18,26.8,3.0
2025-08-19,27.2,0.1
2025-08-20,26.9,0.5
2025-08-21,27.1,0.1
2025-08-22,27.0,2.9
2025-08-23,26.5,5.7
2025-08-24,27.4,0.6
2025-08-25,27.7,0.3
2025-08-26,27.9,2.4
2025-08-27,27.3,3.1
2025-08-28,26.8,9.7
2025-08-29,26.7,21.3
2025-08-30,26.3,18.6
2025-08-31,26.9,8.4
2025-09-01,27.0,8.3
2025-09-02,27.3,1.9
2025-09-03,27.0,6.4
2025-09-04,26.7,1.9
2025-09-05,27.0,3.9
2025-09-06,27.1,4.3
2025-09-07,27.2,1.4
2025-09-08,27.2,4.8
2025-09-09,26.9,2.2
2025-09-10,27.3,5.2
2025-09-11,27.5,2.4
2025-09-12,28.0,1.2
2025-09-13,27.7,3.4
2025-09-14,28.0,5.1
2025-09-15,28.4,2.9
2025-09-16,26.3,14.5
2025-09-17,25.7,18.7
2025-09-18,25.6,19.6
2025-09-19,26.0,12.6
2025-09-20,27.0,5.8
2025-09-21,25.8,23.4
2025-09-22,25.9,18.0
2025-09-23,27.0,7.6
2025-09-24,26.2,11.9
2025-09-25,25.7,20.0
2025-09-26,25.6,27.9
2025-09-27,27.2,4.4
2025-09-28,26.9,6.6
2025-09-29,27.6,2.7
2025-09-30,27.6,2.5
2025-10-01,28.0,0.7
2025-10-02,27.9,1.5
2025-10-03,27.8,0.2
2025-10-04,25.9,11.3
2025-10-05,26.0,1.6
2025-10-06,27.4,1.2
2025-10-07,26.7,2.8
2025-10-08,27.6,0.5
2025-10-09,28.3,0.0
2025-10-10,27.8,0.3
2025-10-11,26.9,1.9
2025-10-12,27.4,1.1
2025-10-13,27.2,9.1
2025-10-14,26.7,2.1
2025-10-15,25.6,19.7
2025-10-16,25.8,22.9
2025-10-17,26.2,16.2
2025-10-18,25.8,30.8
2025-10-19,25.2,19.4
2025-10-20,25.1,24.3
2025-10-21,25.4,36.5
2025-10-22,26.2,13.4
2025-10-23,26.2,10.3
2025-10-24,25.4,19.1
2025-10-25,26.4,5.5
2025-10-26,27.3,0.0
2025-10-27,27.7,0.4
2025-10-28,28.1,2.1
2025-10-29,27.7,1.2
2025-10-30,27.4,0.3
2025-10-31,27.5,0.1
2025-11-01,27.8,0.0
2025-11-02,28.1,2.0
2025-11-03,28.7,0.1
2025-11-04,28.9,0.7
2025-11-05,28.0,3.8
2025-11-06,25.7,26.7
2025-11-07,26.2,7.0
2025-11-08,25.5,6.0
2025-11-09,26.3,1.8
2025-11-10,26.3,7.1
2025-11-11,26.3,17.1
2025-11-12,26.0,6.6
2025-11-13,25.7,4.1
2025-11-14,25.9,5.8
2025-11-15,26.5,2.0
2025-11-16,26.7,0.4
2025-11-17,25.1,22.9
2025-11-18,25.0,19.3
2025-11-19,26.0,1.5
2025-11-20,25.8,13.0
2025-11-21,25.9,12.5
2025-11-22,25.6,11.0
2025-11-23,25.7,8.4
2025-11-24,25.1,12.4
2025-11-25,24.7,12.9
2025-11-26,24.7,17.6
2025-11-27,24.2,111.1
2025-11-28,24.4,217.5
2025-11-29,25.1,5.0
2025-11-30,25.3,0.0
2025-12-01,26.1,0.7
2025-12-02,25.9,1.4
2025-12-03,26.3,0.0
2025-12-04,25.9,4.9
2025-12-05,26.0,5.9
2025-12-06,25.5,19.8
2025-12-07,25.5,5.5
2025-12-08,26.8,0.4
2025-12-09,25.3,15.3
2025-12-10,25.5,1.8
2025-12-11,25.4,7.0
2025-12-12,25.0,10.4
2025-12-13,25.4,5.4
2025-12-14,25.8,0.8
2025-12-15,25.8,0.5
2025-12-16,26.3,3.4
2025-12-17,26.0,8.6
2025-12-18,25.4,16.7
2025-12-19,26.1,1.3
2025-12-20,25.7,1.7
2025-12-21,26.0,0.2
2025-12-22,26.5,0.1
2025-12-23,26.5,0.4
2025-12-24,25.8,1.6
2025-12-25,26.6,0.0
2025-12-26,26.8,0.0
2025-12-27,27.4,0.5
2025-12-28,27.5,0.8
2025-12-29,27.5,2.9
2025-12-30,27.1,1.9
2025-12-31,26.5,2.5
