date,_SriLankatravel,_SriLankaflights,_SriLankaVisa,RU_Шри-Ланкатур,RU_авиабилетыКоломбо,GB_SriLankaholidays,GB_SriLankaETA,DE_SriLankaUrlaub,DE_FlügeColombo,IN_SriLankatourpackage,IN_Colomboflight
2023-01-01,4.62,3.41,14.4,0.0,0.0,37.8,0.0,45.76,5.52,0.0,15.34
2023-01-02,6.58,3.63,18.96,0.0,0.0,0.0,0.0,33.44,0.0,0.0,0.0
2023-01-03,8.12,4.51,22.8,0.0,0.0,49.56,0.0,47.52,0.0,0.0,11.96
2023-01-04,5.6,4.4,19.44,0.0,0.0,47.88,0.0,0.0,0.0,0.0,0.0
2023-01-05,6.16,4.84,18.96,0.0,0.0,42.84,0.0,0.0,0.0,0.0,0.0
2023-01-06,5.32,3.96,17.04,0.0,0.0,28.56,0.0,42.24,0.0,0.0,12.48
2023-01-07,7.14,3.19,17.04,0.0,0.0,55.44,0.0,41.36,0.0,0.0,0.0
2023-01-08,6.63,3.5,21.0,0.0,0.0,81.0,0.0,85.0,0.0,0.0,11.25
2023-01-09,5.59,3.1,22.5,0.0,0.0,31.59,0.0,49.0,0.0,0.0,10.0
2023-01-10,6.24,4.3,23.25,0.0,0.0,25.11,0.0,43.0,0.0,0.0,0.0
2023-01-11,5.2,3.4,21.75,0.0,0.0,0.0,0.0,0.0,0.0,0.0,0.0
2023-01-12,5.07,2.4,22.25,0.0,0.0,25.92,0.0,0.0,0.0,0.0,0.0
2023-01-13,3.77,3.2,19.75,0.0,0.0,27.54,0.0,0.0,0.0,0.0,0.0
2023-01-14,4.29,1.8,15.5,0.0,0.0,0.0,0.0,42.0,0.0,0.0,0.0
2023-01-15,5.52,4.6,17.94,0.0,0.0,22.5,0.0,87.0,0.0,0.0,15.3
2023-01-16,4.56,3.0,14.72,0.0,0.0,15.5,0.0,0.0,0.0,0.0,18.9
2023-01-17,4.8,3.0,20.01,0.0,0.0,0.0,0.0,0.0,0.0,0.0,0.0
2023-01-18,3.36,2.1,14.72,0.0,0.0,18.0,0.0,56.55,0.0,0.0,0.0
2023-01-19,3.84,2.1,16.79,0.0,0.0,0.0,0.0,33.93,0.0,0.0,13.2
2023-01-20,3.48,2.5,19.55,0.0,0.0,0.0,0.0,0.0,0.0,0.0,17.4
2023-01-21,4.56,2.6,14.95,0.0,0.0,0.0,0.0,49.59,0.0,0.0,15.9
2023-01-22,5.88,2.72,17.02,0.0,0.0,0.0,0.0,43.4,0.0,0.0,0.0
2023-01-23,4.32,2.72,16.1,0.0,0.0,19.38,0.0,0.0,0.0,0.0,0.0
2023-01-24,3.96,1.76,17.02,0.0,0.0,18.24,0.0,33.6,0.0,0.0,0.0
2023-01-25,4.68,1.28,16.56,0.0,0.0,18.81,0.0,0.0,0.0,0.0,0.0
2023-01-26,4.2,1.68,17.02,0.0,0.0,0.0,0.0,0.0,0.0,0.0,0.0
2023-01-27,5.28,1.92,15.64,0.0,0.0,0.0,0.0,0.0,0.0,0.0,11.0
2023-01-28,3.36,2.72,14.72,0.0,0.0,23.94,0.0,0.0,0.0,0.0,10.5
2023-01-29,4.92,2.52,15.87,0.0,0.0,18.56,0.0,52.26,0.0,0.0,0.0
2023-01-30,4.44,2.16,17.94,0.0,0.0,0.0,0.0,0.0,0.0,0.0,11.76
2023-01-31,3.72,2.34,15.41,0.0,0.0,0.0,0.0,0.0,0.0,0.0,16.24
2023-02-01,3.96,2.25,16.79,0.0,0.0,20.88,0.0,0.0,0.0,0.0,13.16
2023-02-02,4.2,2.79,15.64,0.0,0.0,21.46,0.0,0.0,0.0,0.0,0.0
2023-02-03,4.44,2.25,15.87,0.0,0.0,21.46,0.0,44.22,0.0,0.0,0.0
2023-02-04,4.2,2.25,15.64,0.0,0.0,19.14,0.0,0.0,0.0,0.0,12.04
2023-02-05,4.18,2.43,13.86,0.0,0.0,18.72,0.0,33.6,0.0,0.0,0.0
2023-02-06,3.85,2.52,15.4,0.0,0.0,0.0,0.0,0.0,0.0,0.0,0.0
2023-02-07,3.19,2.52,15.84,0.0,0.0,0.0,0.0,0.0,0.0,0.0,0.0
2023-02-08,3.85,3.15,16.28,0.0,0.0,0.0,0.0,0.0,0.0,0.0,12.1
2023-02-09,4.18,1.89,15.84,0.0,0.0,0.0,0.0,0.0,0.0,0.0,9.02
2023-02-10,3.96,2.07,13.42,0.0,0.0,0.0,0.0,0.0,0.0,0.0,9.02
2023-02-11,3.3,2.61,12.54,0.0,0.0,17.28,0.0,51.8,0.0,0.0,0.0
2023-02-12,2.9,1.52,13.86,0.0,0.0,0.0,0.0,36.18,0.0,0.0,0.0
2023-02-13,3.7,1.92,16.5,0.0,0.0,0.0,0.0,28.62,0.0,0.0,10.35
2023-02-14,2.7,2.0,15.18,0.0,0.0,0.0,0.0,23.22,0.0,0.0,0.0
2023-02-15,3.5,2.24,15.18,0.0,0.0,0.0,0.0,0.0,0.0,0.0,0.0
2023-02-16,2.4,2.72,14.96,0.0,0.0,22.95,0.0,0.0,0.0,0.0,9.89
2023-02-17,2.0,1.92,15.4,0.0,0.0,0.0,0.0,0.0,0.0,0.0,0.0
2023-02-18,3.7,2.0,14.08,0.0,0.0,19.38,0.0,21.6,0.0,0.0,0.0
2023-02-19,4.62,2.48,16.56,0.0,0.0,0.0,0.0,26.1,0.0,0.0,12.22
2023-02-20,3.52,2.24,18.86,0.0,0.0,15.9,0.0,33.64,0.0,0.0,0.0
2023-02-21,3.41,1.76,17.48,0.0,0.0,0.0,0.0,22.04,0.0,0.0,10.14
2023-02-22,3.19,1.84,18.17,0.0,0.0,0.0,0.0,0.0,0.0,0.0,0.0
2023-02-23,3.41,1.6,15.64,0.0,0.0,0.0,0.0,0.0,0.0,0.0,0.0
2023-02-24,3.52,2.32,15.64,0.0,0.0,17.49,0.0,26.68,0.0,0.0,11.7
2023-02-25,4.4,1.76,15.41,0.0,0.0,19.08,0.0,0.0,0.0,0.0,0.0
2023-02-26,4.51,2.72,13.42,0.0,0.0,0.0,0.0,29.68,0.0,0.0,0.0
2023-02-27,3.63,1.92,17.6,0.0,0.0,0.0,0.0,0.0,0.0,0.0,0.0
2023-02-28,4.07,2.4,15.4,0.0,0.0,0.0,0.0,0.0,0.0,0.0,0.0
2023-03-01,3.63,2.0,16.06,0.0,0.0,0.0,0.0,0.0,0.0,0.0,14.08
2023-03-02,3.96,1.84,13.42,0.0,0.0,0.0,0.0,0.0,0.0,0.0,11.88
2023-03-03,3.19,2.0,14.3,0.0,0.0,16.32,0.0,0.0,0.0,0.0,0.0
2023-03-04,3.85,2.0,13.64,0.0,0.0,0.0,0.0,0.0,0.0,0.0,0.0
2023-03-05,4.51,3.42,14.49,0.0,0.0,33.63,0.0,30.0,0.0,0.0,0.0
2023-03-06,2.64,2.43,15.41,0.0,0.0,18.81,0.0,0.0,0.0,0.0,0.0
2023-03-07,3.41,2.7,16.79,0.0,0.0,0.0,0.0,0.0,0.0,0.0,0.0
2023-03-08,3.63,2.07,15.64,0.0,0.0,29.07,0.0,24.6,0.0,0.0,0.0
2023-03-09,3.96,2.61,18.86,0.0,0.0,17.67,0.0,23.4,0.0,0.0,11.89
2023-03-10,3.63,2.43,17.71,0.0,0.0,0.0,0.0,0.0,0.0,0.0,11.89
2023-03-11,3.3,2.43,16.1,0.0,0.0,0.0,0.0,27.6,0.0,0.0,11.89
2023-03-12,3.9,2.61,15.12,0.0,0.0,23.32,0.0,43.45,0.0,0.0,0.0
2023-03-13,3.2,2.7,16.38,0.0,0.0,0.0,0.0,27.65,0.0,0.0,8.74
2023-03-14,2.9,2.79,15.96,0.0,0.0,0.0,0.0,32.39,0.0,0.0,0.0
2023-03-15,3.2,1.98,14.7,0.0,0.0,0.0,0.0,0.0,0.0,0.0,9.43
2023-03-16,3.3,2.34,13.44,0.0,0.0,23.85,0.0,0.0,0.0,0.0,0.0
2023-03-17,2.5,2.43,12.39,0.0,0.0,0.0,0.0,48.98,0.0,0.0,0.0
2023-03-18,3.7,2.43,12.6,0.0,0.0,18.02,0.0,68.73,0.0,0.0,0.0
2023-03-19,3.4,3.2,14.49,0.0,0.0,29.16,0.0,80.96,0.0,0.0,15.36
2023-03-20,2.8,3.3,20.7,0.0,0.0,0.0,0.0,0.0,0.0,0.0,0.0
2023-03-21,3.1,2.3,16.79,0.0,0.0,0.0,0.0,0.0,0.0,0.0,0.0
2023-03-22,3.3,3.5,16.79,0.0,0.0,0.0,0.0,51.92,0.0,0.0,0.0
2023-03-23,3.4,2.4,17.02,0.0,0.0,16.2,0.0,0.0,0.0,0.0,0.0
2023-03-24,3.0,2.2,12.65,0.0,0.0,0.0,0.0,0.0,0.0,0.0,0.0
2023-03-25,3.9,3.8,16.79,0.0,0.0,0.0,0.0,57.2,0.0,0.0,9.6
2023-03-26,3.7,2.56,14.08,0.0,0.0,0.0,0.0,48.96,0.0,0.0,14.0
2023-03-27,3.0,2.0,17.16,0.0,0.0,0.0,0.0,0.0,0.0,0.0,0.0
2023-03-28,3.8,2.0,18.7,0.0,0.0,0.0,0.0,30.96,0.0,0.0,0.0
2023-03-29,3.6,2.56,15.4,0.0,0.0,0.0,0.0,27.36,0.0,0.0,10.5
2023-03-30,2.4,1.6,14.3,0.0,0.0,0.0,0.0,29.52,0.0,0.0,0.0
2023-03-31,3.9,1.76,14.96,0.0,0.0,22.05,0.0,0.0,0.0,0.0,13.25
2023-04-01,3.8,2.24,14.08,0.0,0.0,0.0,0.0,0.0,0.0,0.0,13.75
2023-04-02,3.74,3.4,13.42,0.0,0.0,0.0,0.0,0.0,0.0,0.0,0.0
2023-04-03,3.96,3.2,18.48,0.0,0.0,0.0,0.0,0.0,0.0,0.0,0.0
2023-04-04,4.4,2.1,15.84,0.0,0.0,0.0,0.0,0.0,0.0,0.0,13.26
2023-04-05,3.85,2.7,14.74,0.0,0.0,0.0,0.0,29.12,0.0,0.0,14.82
2023-04-06,4.51,2.5,16.28,0.0,0.0,18.55,0.0,0.0,0.0,0.0,0.0
2023-04-07,3.19,3.5,16.06,0.0,0.0,19.61,0.0,0.0,0.0,0.0,0.0
2023-04-08,3.74,3.1,13.64,0.0,0.0,0.0,0.0,0.0,0.0,3.42,0.0
2023-04-09,3.7,1.92,11.0,0.0,0.0,0.0,0.0,0.0,0.0,0.0,0.0
2023-04-10,4.2,2.0,15.8,0.0,0.0,19.8,0.0,0.0,0.0,0.0,14.85
2023-04-11,3.2,2.4,14.4,0.0,0.0,0.0,0.0,0.0,0.0,0.0,17.49
2023-04-12,2.8,1.92,13.2,0.0,0.0,0.0,0.0,25.2,0.0,0.0,0.0
2023-04-13,2.5,2.0,12.0,0.0,0.0,17.6,0.0,0.0,0.0,0.0,17.16
2023-04-14,3.3,1.44,11.0,0.0,0.0,0.0,0.0,0.0,0.0,5.59,19.47
2023-04-15,2.5,2.0,10.4,0.0,0.0,17.6,0.0,0.0,0.0,0.0,13.2
2023-04-16,3.3,2.48,11.97,0.0,0.0,0.0,0.0,37.8,0.0,0.0,0.0
2023-04-17,2.2,2.64,17.01,0.0,0.0,14.4,0.0,22.68,0.0,0.0,0.0
2023-04-18,3.9,2.24,13.86,0.0,0.0,0.0,0.0,0.0,0.0,0.0,9.25
2023-04-19,2.9,1.6,14.07,0.0,0.0,0.0,0.0,0.0,0.0,0.0,13.0
2023-04-20,3.7,1.52,15.12,0.0,0.0,16.8,0.0,0.0,0.0,0.0,10.75
2023-04-21,3.5,1.84,13.44,0.0,0.0,14.88,0.0,0.0,0.0,0.0,0.0
2023-04-22,2.8,2.0,11.13,0.0,0.0,17.28,0.0,0.0,0.0,0.0,0.0
2023-04-23,2.4,2.0,11.88,0.0,0.0,12.8,0.0,25.62,0.0,0.0,17.82
2023-04-24,2.8,1.44,17.38,0.0,0.0,0.0,0.0,15.12,0.0,0.0,15.51
2023-04-25,3.5,2.8,18.26,0.0,0.0,0.0,0.0,0.0,0.0,0.0,11.22
2023-04-26,2.8,1.92,17.38,0.0,0.0,0.0,0.0,0.0,0.0,0.0,21.12
2023-04-27,2.9,2.08,17.16,0.0,0.0,0.0,0.0,0.0,0.0,0.0,11.55
2023-04-28,3.7,1.92,15.18,0.0,0.0,0.0,0.0,0.0,0.0,0.0,12.87
2023-04-29,2.8,1.92,14.08,0.0,0.0,0.0,0.0,0.0,0.0,0.0,0.0
2023-04-30,3.2,1.92,11.34,0.0,0.0,0.0,0.0,0.0,0.0,0.0,12.9
2023-05-01,3.4,2.24,14.7,0.0,0.0,21.93,0.0,0.0,0.0,0.0,27.9
2023-05-02,2.7,2.0,17.22,0.0,0.0,0.0,0.0,0.0,0.0,0.0,0.0
2023-05-03,3.2,1.68,13.02,0.0,0.0,15.3,0.0,0.0,0.0,0.0,10.5
2023-05-04,2.6,1.92,15.12,0.0,0.0,0.0,0.0,0.0,0.0,0.0,11.1
2023-05-05,2.5,1.84,11.13,0.0,0.0,0.0,0.0,0.0,0.0,0.0,0.0
2023-05-06,3.4,2.16,13.65,0.0,0.0,24.48,0.0,0.0,0.0,0.0,14.7
2023-05-07,2.8,2.32,18.75,0.0,0.0,0.0,0.0,0.0,0.0,0.0,12.04
2023-05-08,2.9,1.76,22.75,0.0,0.0,23.32,0.0,0.0,0.0,0.0,0.0
2023-05-09,2.9,1.84,22.75,0.0,0.0,0.0,0.0,0.0,0.0,0.0,20.72
2023-05-10,2.9,2.0,19.5,0.0,0.0,0.0,0.0,0.0,0.0,0.0,11.48
2023-05-11,2.7,1.52,17.5,0.0,0.0,0.0,0.0,0.0,0.0,4.73,0.0
2023-05-12,3.4,2.64,17.75,0.0,0.0,0.0,0.0,0.0,0.0,0.0,10.08
2023-05-13,3.5,1.68,17.0,0.0,0.0,18.55,0.0,0.0,0.0,0.0,11.2
2023-05-14,3.6,2.24,17.52,0.0,0.0,34.98,0.0,22.56,0.0,0.0,0.0
2023-05-15,3.2,1.76,21.36,0.0,0.0,21.12,0.0,0.0,0.0,0.0,18.9
2023-05-16,2.5,2.4,16.08,0.0,0.0,0.0,0.0,0.0,0.0,0.0,11.7
2023-05-17,2.9,1.76,20.16,0.0,0.0,26.4,0.0,0.0,0.0,0.0,0.0
2023-05-18,4.0,2.4,18.96,0.0,0.0,44.88,0.0,0.0,0.0,0.0,0.0
2023-05-19,2.9,2.16,17.28,0.0,0.0,22.44,0.0,0.0,0.0,0.0,13.5
2023-05-20,2.4,1.84,14.16,0.0,0.0,0.0,0.0,0.0,0.0,0.0,14.4
2023-05-21,2.43,2.08,20.4,0.0,0.0,25.16,0.0,16.2,0.0,0.0,0.0
2023-05-22,2.25,1.68,21.36,0.0,0.0,30.6,0.0,0.0,0.0,0.0,0.0
2023-05-23,2.79,1.68,20.16,0.0,0.0,23.8,0.0,0.0,0.0,0.0,0.0
2023-05-24,2.79,1.92,19.92,0.0,0.0,0.0,0.0,0.0,0.0,0.0,11.5
2023-05-25,1.98,2.16,16.8,0.0,0.0,42.16,0.0,0.0,0.0,0.0,8.75
2023-05-26,2.43,2.32,18.48,0.0,0.0,25.16,0.0,0.0,0.0,0.0,10.0
2023-05-27,2.88,2.4,16.32,0.0,0.0,0.0,0.0,0.0,0.0,0.0,13.75
2023-05-28,3.2,1.75,14.03,0.0,0.0,28.0,0.0,30.09,0.0,0.0,0.0
2023-05-29,2.9,1.96,17.48,0.0,0.0,0.0,0.0,29.07,0.0,0.0,11.47
2023-05-30,2.7,1.26,15.41,0.0,0.0,0.0,0.0,0.0,0.0,0.0,13.02
2023-05-31,3.4,1.19,16.1,0.0,0.0,0.0,0.0,0.0,0.0,0.0,0.0
2023-06-01,3.1,1.54,17.71,0.0,0.0,0.0,0.0,0.0,0.0,0.0,16.43
2023-06-02,2.7,1.54,14.72,0.0,0.0,0.0,0.0,0.0,0.0,0.0,17.67
2023-06-03,3.4,1.96,12.65,0.0,0.0,0.0,0.0,0.0,0.0,0.0,0.0
2023-06-04,2.16,2.4,18.5,0.0,0.0,15.48,0.0,0.0,0.0,0.0,17.39
2023-06-05,3.24,1.84,23.75,0.0,0.0,0.0,0.0,16.28,0.0,0.0,19.61
2023-06-06,2.52,2.32,22.25,0.0,0.0,15.05,0.0,0.0,0.0,4.18,18.87
2023-06-07,2.7,2.48,20.25,0.0,0.0,0.0,0.0,0.0,0.0,0.0,15.17
2023-06-08,2.52,1.84,17.0,0.0,0.0,0.0,0.0,18.04,0.0,0.0,15.17
2023-06-09,2.52,1.76,18.25,0.0,0.0,0.0,0.0,0.0,0.0,0.0,23.31
2023-06-10,3.87,1.68,16.5,0.0,0.0,0.0,0.0,0.0,0.0,0.0,22.2
2023-06-11,3.85,1.84,25.2,0.0,0.0,34.81,0.0,21.15,0.0,7.36,0.0
2023-06-12,5.06,2.08,28.0,0.0,0.0,20.06,0.0,0.0,0.0,6.72,0.0
2023-06-13,3.19,2.0,25.2,0.0,0.0,0.0,0.0,0.0,0.0,0.0,18.55
2023-06-14,3.19,1.84,22.4,0.0,0.0,18.88,0.0,0.0,0.0,5.76,15.75
2023-06-15,3.08,2.24,22.96,0.0,0.0,0.0,0.0,17.1,0.0,0.0,15.4
2023-06-16,3.74,1.76,20.44,0.0,0.0,0.0,0.0,0.0,0.0,0.0,0.0
2023-06-17,2.64,1.76,17.92,0.0,0.0,22.42,0.0,0.0,0.0,7.04,35.0
2023-06-18,4.51,2.48,16.75,0.0,0.0,0.0,0.0,0.0,0.0,0.0,17.94
2023-06-19,3.63,1.84,21.75,0.0,0.0,0.0,0.0,13.3,0.0,0.0,19.89
2023-06-20,3.41,1.52,21.25,0.0,0.0,0.0,0.0,0.0,0.0,0.0,15.99
2023-06-21,3.19,1.36,18.0,0.0,0.0,0.0,0.0,0.0,0.0,0.0,19.5
2023-06-22,2.75,1.84,22.0,0.0,0.0,0.0,0.0,0.0,0.0,5.92,23.01
2023-06-23,3.74,1.92,19.5,0.0,0.0,0.0,0.0,0.0,0.0,0.0,0.0
2023-06-24,4.62,2.24,19.25,0.0,0.0,0.0,0.0,0.0,0.0,0.0,37.83
2023-06-25,2.8,2.79,18.63,0.0,0.0,20.4,0.0,0.0,0.0,0.0,0.0
2023-06-26,3.6,3.06,16.79,0.0,0.0,0.0,0.0,22.95,0.0,0.0,19.5
2023-06-27,3.3,2.34,18.17,0.0,0.0,0.0,0.0,0.0,0.0,6.76,0.0
2023-06-28,3.0,2.79,18.17,0.0,0.0,0.0,0.0,0.0,0.0,0.0,28.08
2023-06-29,3.0,2.25,14.26,0.0,0.0,21.42,0.0,0.0,0.0,0.0,28.47
2023-06-30,3.0,2.16,16.56,0.0,0.0,0.0,0.0,0.0,0.0,0.0,16.38
2023-07-01,1.7,0.99,5.98,0.0,0.0,0.0,0.0,0.0,0.0,0.0,10.92
2023-07-02,2.09,1.44,8.64,0.0,0.0,19.6,0.0,0.0,0.0,3.22,10.89
2023-07-03,1.54,1.26,10.8,0.0,0.0,0.0,0.0,0.0,0.0,0.0,8.25
2023-07-04,1.87,1.44,9.72,0.0,0.0,17.15,0.0,0.0,0.0,3.08,0.0
2023-07-05,1.43,1.17,10.8,0.0,0.0,0.0,0.0,0.0,0.0,0.0,8.91
2023-07-06,1.76,0.99,10.8,0.0,0.0,32.34,0.0,0.0,0.0,0.0,10.56
2023-07-07,1.43,1.26,9.18,0.0,0.0,0.0,0.0,0.0,0.0,0.0,6.27
2023-07-08,1.87,0.9,10.53,0.0,0.0,0.0,0.0,0.0,0.0,0.0,6.6
2023-07-09,2.64,1.4,8.84,0.0,0.0,0.0,0.0,18.86,0.0,0.0,8.4
2023-07-10,1.98,1.4,13.0,0.0,0.0,0.0,0.0,0.0,0.0,0.0,11.7
2023-07-11,1.21,1.2,8.58,0.0,0.0,0.0,0.0,0.0,0.0,0.0,0.0
2023-07-12,1.32,0.9,10.14,0.0,0.0,0.0,0.0,0.0,0.0,0.0,6.3
2023-07-13,1.76,1.1,10.14,0.0,0.0,0.0,0.0,0.0,0.0,0.0,7.2
2023-07-14,1.54,1.3,9.1,0.0,0.0,0.0,0.0,0.0,0.0,0.0,6.3
2023-07-15,1.21,1.5,9.36,0.0,0.0,0.0,0.0,0.0,0.0,0.0,13.5
2023-07-16,1.76,2.0,10.5,0.0,0.0,0.0,0.0,0.0,0.0,0.0,0.0
2023-07-17,2.2,1.5,12.3,0.0,0.0,0.0,2.97,0.0,0.0,0.0,7.5
2023-07-18,2.09,1.5,14.1,0.0,0.0,0.0,0.0,0.0,0.0,0.0,7.2
2023-07-19,1.76,1.2,15.0,0.0,0.0,0.0,0.0,0.0,0.0,0.0,0.0
2023-07-20,1.54,1.1,12.6,0.0,0.0,0.0,0.0,0.0,0.0,0.0,7.2
2023-07-21,1.54,1.2,12.6,0.0,0.0,0.0,0.0,0.0,0.0,0.0,8.7
2023-07-22,1.21,1.4,12.0,0.0,0.0,13.32,0.0,0.0,0.0,0.0,7.8
2023-07-23,2.2,1.12,12.6,0.0,0.0,0.0,0.0,0.0,0.0,0.0,8.84
2023-07-24,1.76,1.12,15.0,0.0,0.0,0.0,0.0,0.0,0.0,0.0,0.0
2023-07-25,2.09,1.04,13.2,0.0,0.0,18.87,0.0,0.0,0.0,0.0,6.8
2023-07-26,2.09,1.04,12.9,0.0,0.0,0.0,0.0,0.0,0.0,0.0,9.86
2023-07-27,1.32,0.88,11.7,0.0,0.0,0.0,0.0,0.0,0.0,0.0,7.14
2023-07-28,1.43,0.8,13.5,0.0,0.0,19.38,0.0,21.84,0.0,0.0,9.52
2023-07-29,1.43,1.04,11.1,0.0,0.0,0.0,0.0,0.0,0.0,0.0,0.0
2023-07-30,1.5,1.17,12.04,0.0,0.0,21.06,0.0,0.0,0.0,0.0,8.91
2023-07-31,1.7,0.9,12.32,0.0,0.0,0.0,0.0,0.0,0.0,0.0,0.0
2023-08-01,1.3,1.35,10.36,0.0,0.0,26.46,0.0,0.0,0.0,0.0,8.58
2023-08-02,1.4,1.35,11.2,0.0,0.0,0.0,0.0,26.52,0.0,0.0,0.0
2023-08-03,1.2,1.08,12.88,0.0,0.0,21.06,0.0,0.0,0.0,0.0,7.92
2023-08-04,1.0,0.99,12.32,0.0,0.0,0.0,0.0,0.0,0.0,0.0,0.0
2023-08-05,1.8,1.26,9.8,0.0,0.0,0.0,0.0,0.0,0.0,0.0,11.55
2023-08-06,1.54,1.04,9.36,0.0,0.0,20.91,0.0,23.0,0.0,0.0,9.1
2023-08-07,1.54,0.72,10.14,0.0,0.0,0.0,0.0,0.0,0.0,2.31,10.15
2023-08-08,1.65,0.88,10.4,0.0,0.0,0.0,0.0,20.5,0.0,0.0,8.75
2023-08-09,1.87,0.88,10.66,0.0,0.0,21.93,0.0,0.0,0.0,0.0,9.1
2023-08-10,1.87,0.8,10.66,0.0,0.0,22.95,0.0,0.0,0.0,0.0,12.95
2023-08-11,1.21,0.96,9.36,0.0,0.0,0.0,0.0,0.0,0.0,0.0,0.0
2023-08-12,1.87,1.04,8.58,0.0,0.0,0.0,0.0,0.0,0.0,0.0,8.75
2023-08-13,1.87,0.96,8.58,0.0,0.0,22.4,0.0,31.86,0.0,0.0,9.72
2023-08-14,1.76,0.48,10.66,0.0,0.0,0.0,0.0,25.96,0.0,0.0,12.6
2023-08-15,1.98,1.12,8.84,0.0,0.0,24.64,0.0,0.0,0.0,0.0,0.0
2023-08-16,1.43,0.64,9.62,0.0,0.0,0.0,0.0,0.0,0.0,0.0,0.0
2023-08-17,1.65,0.88,10.66,0.0,0.0,0.0,0.0,0.0,0.0,0.0,12.24
2023-08-18,1.32,1.04,10.66,0.0,0.0,0.0,0.0,0.0,0.0,0.0,9.72
2023-08-19,1.21,0.64,8.58,0.0,0.0,0.0,0.0,0.0,0.0,0.0,0.0
2023-08-20,1.8,1.2,9.25,0.0,0.0,25.44,0.0,0.0,0.0,0.0,0.0
2023-08-21,1.5,0.8,8.25,0.0,0.0,24.91,0.0,0.0,0.0,0.0,0.0
2023-08-22,1.3,1.12,10.25,0.0,0.0,19.08,0.0,0.0,0.0,0.0,0.0
2023-08-23,1.1,0.8,9.0,0.0,0.0,0.0,0.0,0.0,0.0,0.0,0.0
2023-08-24,1.6,0.88,9.25,0.0,0.0,0.0,0.0,0.0,0.0,0.0,0.0
2023-08-25,1.6,0.8,9.25,0.0,0.0,0.0,0.0,0.0,0.0,0.0,0.0
2023-08-26,1.7,1.36,10.25,0.0,0.0,0.0,0.0,35.52,0.0,0.0,0.0
2023-08-27,1.6,1.28,9.86,0.0,0.0,0.0,0.0,25.0,0.0,0.0,0.0
2023-08-28,1.5,0.56,13.34,0.0,0.0,23.46,0.0,22.5,0.0,0.0,13.16
2023-08-29,1.7,1.04,11.89,0.0,0.0,0.0,0.0,0.0,0.0,0.0,17.39
2023-08-30,1.1,0.56,12.18,0.0,0.0,22.95,0.0,0.0,0.0,0.0,16.92
2023-08-31,1.5,0.72,11.31,0.0,0.0,0.0,0.0,0.0,0.0,0.0,17.39
2023-09-01,1.4,1.04,11.31,0.0,0.0,0.0,0.0,0.0,0.0,0.0,13.16
2023-09-02,1.8,1.04,13.92,0.0,0.0,19.38,0.0,0.0,0.0,0.0,22.56
2023-09-03,2.31,1.62,11.6,0.0,0.0,74.0,0.0,29.7,0.0,0.0,24.5
2023-09-04,1.87,1.35,13.63,0.0,0.0,0.0,0.0,0.0,0.0,0.0,22.0
2023-09-05,1.76,1.35,13.34,0.0,0.0,0.0,0.0,0.0,0.0,0.0,15.0
2023-09-06,1.87,1.08,11.6,0.0,0.0,34.04,0.0,37.8,0.0,0.0,18.0
2023-09-07,1.65,0.99,11.89,0.0,0.0,25.9,0.0,0.0,0.0,2.86,11.0
2023-09-08,1.54,0.63,9.28,0.0,0.0,0.0,0.0,25.92,0.0,0.0,20.5
2023-09-09,1.87,1.08,10.73,0.0,0.0,31.08,0.0,0.0,0.0,0.0,18.0
2023-09-10,2.28,1.7,14.72,0.0,0.0,17.86,0.0,45.44,0.0,0.0,77.0
2023-09-11,2.16,1.7,14.08,0.0,0.0,18.33,0.0,0.0,0.0,0.0,60.06
2023-09-12,2.28,1.5,17.92,0.0,0.0,0.0,0.0,0.0,0.0,2.2,22.33
2023-09-13,1.92,1.0,14.72,0.0,0.0,0.0,0.0,31.95,0.0,0.0,23.87
2023-09-14,2.28,1.8,17.6,0.0,0.0,20.21,0.0,30.53,0.0,0.0,27.72
2023-09-15,1.92,1.3,10.56,0.0,0.0,0.0,0.0,30.53,0.0,0.0,33.11
2023-09-16,1.8,1.0,11.2,0.0,0.0,0.0,0.0,0.0,0.0,0.0,32.34
2023-09-17,2.2,1.44,13.72,0.0,0.0,0.0,0.0,0.0,0.0,0.0,41.6
2023-09-18,1.98,1.44,11.2,0.0,0.0,19.08,0.0,25.92,0.0,0.0,22.88
2023-09-19,1.65,1.08,11.76,0.0,0.0,0.0,0.0,0.0,0.0,0.0,28.6
2023-09-20,1.43,0.72,10.08,0.0,0.0,20.67,0.0,0.0,0.0,0.0,0.0
2023-09-21,1.43,0.99,10.92,0.0,0.0,25.44,0.0,0.0,0.0,0.0,13.52
2023-09-22,1.54,0.9,9.52,0.0,0.0,0.0,0.0,0.0,0.0,0.0,0.0
2023-09-23,1.54,1.17,9.52,0.0,0.0,0.0,0.0,0.0,0.0,0.0,21.84
2023-09-24,1.98,1.04,7.75,0.0,0.0,0.0,0.0,28.05,0.0,0.0,12.21
2023-09-25,2.2,1.12,11.0,0.0,0.0,0.0,0.0,0.0,0.0,0.0,0.0
2023-09-26,1.98,0.8,11.0,0.0,0.0,19.78,0.0,0.0,0.0,0.0,8.88
2023-09-27,1.54,0.72,8.75,0.0,0.0,0.0,0.0,0.0,0.0,0.0,11.84
2023-09-28,1.54,0.72,9.0,0.0,0.0,15.91,0.0,0.0,0.0,0.0,14.06
2023-09-29,1.32,0.88,8.25,0.0,0.0,0.0,0.0,0.0,0.0,2.86,0.0
2023-09-30,1.65,0.8,7.75,0.0,0.0,16.34,0.0,0.0,0.0,0.0,8.14
2023-10-01,1.98,1.2,11.2,0.0,0.0,0.0,0.0,0.0,0.0,0.0,9.9
2023-10-02,1.98,0.88,10.36,0.0,0.0,0.0,0.0,0.0,0.0,0.0,11.22
2023-10-03,1.54,1.12,10.08,0.0,0.0,0.0,0.0,0.0,0.0,0.0,10.23
2023-10-04,1.65,0.96,10.92,0.0,0.0,0.0,0.0,0.0,0.0,0.0,0.0
2023-10-05,1.54,0.72,10.92,0.0,0.0,0.0,0.0,0.0,0.0,0.0,0.0
2023-10-06,1.65,1.2,10.36,0.0,0.0,0.0,0.0,0.0,0.0,0.0,8.25
2023-10-07,1.98,0.8,12.6,0.0,0.0,0.0,0.0,0.0,0.0,0.0,9.57
2023-10-08,1.65,1.04,9.8,0.0,0.0,18.0,0.0,35.36,0.0,0.0,7.36
2023-10-09,1.76,0.8,12.6,0.0,0.0,0.0,0.0,0.0,0.0,0.0,12.16
2023-10-10,1.76,0.96,13.16,0.0,0.0,0.0,0.0,0.0,0.0,0.0,6.72
2023-10-11,1.43,1.2,10.08,0.0,0.0,0.0,0.0,0.0,0.0,0.0,0.0
2023-10-12,1.98,0.64,10.08,0.0,0.0,0.0,0.0,0.0,0.0,0.0,8.96
2023-10-13,1.43,1.12,11.48,0.0,0.0,0.0,0.0,0.0,0.0,0.0,0.0
2023-10-14,1.98,1.04,10.36,0.0,0.0,0.0,3.87,0.0,0.0,0.0,7.36
2023-10-15,2.76,0.96,9.88,0.0,0.0,0.0,0.0,25.52,0.0,0.0,17.5
2023-10-16,2.52,1.2,13.52,0.0,0.0,16.77,0.0,23.2,0.0,0.0,11.9
2023-10-17,1.92,0.88,10.66,0.0,0.0,16.34,0.0,0.0,0.0,0.0,0.0
2023-10-18,2.04,1.04,9.62,0.0,0.0,0.0,0.0,0.0,0.0,0.0,0.0
2023-10-19,1.56,0.64,8.06,0.0,0.0,0.0,0.0,32.48,0.0,0.0,11.55
2023-10-20,1.68,0.64,9.1,0.0,0.0,0.0,0.0,0.0,0.0,0.0,10.5
2023-10-21,2.04,0.96,8.84,0.0,0.0,0.0,0.0,0.0,0.0,0.0,0.0
2023-10-22,2.04,1.17,15.91,0.0,0.0,22.05,0.0,0.0,0.0,0.0,17.64
2023-10-23,1.8,0.9,16.34,0.0,0.0,20.09,0.0,22.0,0.0,0.0,0.0
2023-10-24,2.64,1.26,43.0,0.0,0.0,0.0,0.0,28.05,0.0,0.0,57.33
2023-10-25,2.64,1.44,40.42,0.0,0.0,0.0,0.0,0.0,0.0,4.37,27.72
2023-10-26,2.04,1.35,24.94,0.0,0.0,0.0,0.0,0.0,0.0,0.0,30.87
2023-10-27,1.8,0.9,19.78,0.0,0.0,0.0,0.0,0.0,0.0,0.0,23.31
2023-10-28,2.04,1.35,19.35,0.0,0.0,16.66,0.0,0.0,0.0,0.0,22.68
2023-10-29,2.64,1.5,11.22,0.0,0.0,0.0,0.0,0.0,4.68,0.0,15.3
2023-10-30,2.04,1.1,18.15,0.0,0.0,0.0,0.0,0.0,0.0,0.0,18.36
2023-10-31,1.8,1.5,17.82,0.0,0.0,0.0,0.0,32.33,0.0,0.0,20.4
2023-11-01,2.52,1.3,18.15,0.0,0.0,0.0,0.0,0.0,0.0,0.0,15.3
2023-11-02,2.4,1.7,17.82,0.0,0.0,0.0,0.0,0.0,0.0,0.0,14.28
2023-11-03,1.56,1.1,14.52,0.0,0.0,0.0,0.0,0.0,0.0,0.0,18.36
2023-11-04,1.8,1.5,13.53,0.0,0.0,19.78,0.0,31.72,0.0,0.0,13.77
2023-11-05,2.42,1.26,12.0,0.0,0.0,0.0,0.0,26.91,0.0,0.0,10.35
2023-11-06,1.98,1.17,15.3,0.0,0.0,0.0,0.0,0.0,0.0,0.0,20.25
2023-11-07,1.87,1.08,13.2,0.0,0.0,0.0,0.0,0.0,0.0,0.0,16.65
2023-11-08,1.76,1.08,12.9,0.0,0.0,20.68,0.0,0.0,0.0,0.0,14.4
2023-11-09,1.76,1.44,14.1,0.0,0.0,17.6,0.0,0.0,0.0,0.0,0.0
2023-11-10,1.54,1.08,11.4,0.0,0.0,0.0,0.0,29.67,0.0,0.0,10.35
2023-11-11,1.65,1.17,11.7,0.0,0.0,0.0,0.0,0.0,0.0,0.0,13.5
2023-11-12,1.3,1.53,8.1,0.0,0.0,17.64,0.0,30.25,0.0,0.0,0.0
2023-11-13,1.6,1.44,11.88,0.0,0.0,20.58,0.0,25.85,0.0,0.0,11.88
2023-11-14,1.8,1.26,11.88,0.0,0.0,0.0,0.0,0.0,0.0,0.0,17.16
2023-11-15,1.6,0.81,10.26,0.0,0.0,0.0,0.0,0.0,0.0,0.0,15.4
2023-11-16,1.2,0.81,11.61,0.0,0.0,0.0,0.0,0.0,0.0,0.0,11.0
2023-11-17,1.5,0.72,9.72,0.0,0.0,0.0,0.0,0.0,0.0,0.0,13.2
2023-11-18,1.8,1.26,9.45,0.0,0.0,20.09,0.0,0.0,0.0,0.0,14.08
2023-11-19,1.92,1.08,10.73,0.0,0.0,0.0,0.0,62.0,0.0,0.0,10.35
2023-11-20,1.92,1.53,14.21,0.0,0.0,0.0,0.0,0.0,0.0,0.0,11.7
2023-11-21,2.04,1.35,12.47,0.0,0.0,0.0,0.0,0.0,0.0,0.0,0.0
2023-11-22,2.16,1.08,11.02,0.0,0.0,0.0,0.0,0.0,0.0,0.0,18.0
2023-11-23,2.28,1.08,11.31,0.0,0.0,0.0,0.0,0.0,0.0,0.0,11.7
2023-11-24,1.56,0.9,11.6,0.0,0.0,0.0,0.0,0.0,0.0,0.0,16.65
2023-11-25,1.92,0.72,10.73,0.0,0.0,0.0,0.0,0.0,0.0,0.0,19.35
2023-11-26,1.65,1.35,10.44,0.0,0.0,16.38,0.0,33.0,0.0,0.0,0.0
2023-11-27,1.76,1.44,12.47,0.0,0.0,0.0,0.0,0.0,0.0,0.0,16.17
2023-11-28,2.2,1.26,13.05,0.0,0.0,0.0,0.0,0.0,0.0,0.0,16.17
2023-11-29,1.76,0.99,11.02,0.0,0.0,0.0,0.0,0.0,0.0,0.0,18.62
2023-11-30,1.54,0.9,13.34,0.0,0.0,0.0,0.0,0.0,0.0,0.0,17.64
2023-12-01,1.54,0.0,10.15,0.0,0.0,0.0,0.0,0.0,0.0,0.0,18.13
2023-12-02,1.65,1.08,11.02,0.0,0.0,0.0,0.0,0.0,0.0,0.0,22.54
2023-12-03,1.87,0.64,10.36,0.0,0.0,21.15,0.0,25.5,0.0,0.0,9.02
2023-12-04,2.2,0.96,12.6,0.0,0.0,0.0,0.0,0.0,0.0,0.0,17.22
2023-12-05,1.98,0.88,13.44,0.0,0.0,0.0,0.0,0.0,0.0,0.0,13.94
2023-12-06,1.65,0.96,10.08,0.0,0.0,0.0,0.0,0.0,0.0,0.0,12.71
2023-12-07,1.98,0.88,10.64,0.0,0.0,0.0,0.0,0.0,0.0,0.0,0.0
2023-12-08,1.21,0.8,10.64,0.0,0.0,0.0,0.0,0.0,0.0,0.0,14.76
2023-12-09,1.65,1.12,10.64,0.0,0.0,0.0,0.0,25.5,0.0,0.0,11.07
2023-12-10,2.2,1.35,10.44,0.0,0.0,0.0,0.0,33.55,0.0,0.0,14.62
2023-12-11,1.65,1.17,13.05,0.0,0.0,0.0,0.0,0.0,0.0,0.0,16.77
2023-12-12,1.87,1.17,12.47,0.0,0.0,0.0,0.0,0.0,0.0,0.0,8.17
2023-12-13,2.09,1.08,13.34,0.0,0.0,17.49,0.0,25.62,0.0,0.0,18.92
2023-12-14,1.54,1.08,11.89,0.0,0.0,0.0,0.0,0.0,0.0,0.0,12.9
2023-12-15,1.32,0.9,11.31,0.0,0.0,0.0,0.0,0.0,0.0,0.0,0.0
2023-12-16,1.32,1.26,12.47,0.0,0.0,0.0,0.0,59.78,0.0,0.0,18.06
2023-12-17,1.76,1.9,10.64,0.0,0.0,0.0,0.0,0.0,0.0,0.0,14.96
2023-12-18,2.42,1.4,11.48,0.0,0.0,0.0,0.0,0.0,0.0,0.0,11.88
2023-12-19,1.87,1.0,13.72,0.0,0.0,0.0,0.0,0.0,0.0,5.44,13.2
2023-12-20,1.54,1.2,12.04,0.0,0.0,0.0,0.0,0.0,0.0,0.0,12.76
2023-12-21,1.87,1.4,10.64,0.0,0.0,19.78,0.0,0.0,0.0,0.0,17.6
2023-12-22,1.43,1.1,10.64,0.0,0.0,0.0,0.0,0.0,0.0,0.0,0.0
2023-12-23,1.21,1.4,8.12,0.0,0.0,0.0,0.0,0.0,0.0,0.0,11.88
2023-12-24,1.8,1.54,7.8,0.0,0.0,0.0,0.0,0.0,0.0,0.0,13.2
2023-12-25,1.8,1.54,7.8,0.0,0.0,50.32,0.0,0.0,0.0,0.0,0.0
2023-12-26,1.68,1.98,8.84,0.0,0.0,0.0,0.0,71.1,0.0,0.0,9.2
2023-12-27,2.28,2.2,12.22,0.0,0.0,31.08,0.0,0.0,0.0,3.78,10.8
2023-12-28,2.4,1.98,11.7,0.0,0.0,39.22,0.0,0.0,0.0,0.0,10.0
2023-12-29,2.52,1.43,11.44,0.0,0.0,34.04,0.0,0.0,0.0,0.0,0.0
2023-12-30,2.4,1.43,9.62,0.0,0.0,36.26,0.0,0.0,0.0,0.0,15.2
2023-12-31,2.52,1.68,8.7,0.0,0.0,67.94,0.0,0.0,0.0,0.0,0.0
2024-01-01,4.76,3.0,15.95,0.0,0.0,0.0,0.0,45.5,0.0,0.0,28.91
2024-01-02,4.76,4.08,20.3,0.0,0.0,26.66,0.0,0.0,0.0,0.0,25.48
2024-01-03,4.06,3.0,20.3,0.0,0.0,36.98,0.0,40.04,0.0,0.0,17.15
2024-01-04,4.34,3.24,18.27,0.0,0.0,25.8,0.0,48.23,0.0,0.0,25.97
2024-01-05,5.04,2.88,19.43,0.0,0.0,43.0,0.0,38.22,0.0,0.0,24.01
2024-01-06,4.2,3.36,17.98,0.0,0.0,53.32,0.0,0.0,0.0,0.0,23.03
2024-01-07,6.3,4.56,22.4,0.0,0.0,43.61,0.0,54.6,0.0,0.0,17.34
2024-01-08,5.1,4.08,27.2,0.0,0.0,28.48,0.0,0.0,0.0,0.0,0.0
2024-01-09,4.2,3.48,23.36,0.0,0.0,26.7,0.0,38.64,0.0,0.0,18.7
2024-01-10,4.65,2.28,22.4,0.0,0.0,30.26,0.0,44.52,0.0,0.0,0.0
2024-01-11,4.5,2.52,22.4,0.0,0.0,0.0,0.0,0.0,0.0,0.0,0.0
2024-01-12,3.9,2.28,18.88,0.0,0.0,31.15,0.0,40.32,0.0,0.0,13.6
2024-01-13,5.1,3.24,20.8,0.0,0.0,49.84,0.0,40.32,0.0,0.0,12.24
2024-01-14,4.81,3.96,19.84,0.0,0.0,49.28,0.0,76.0,0.0,0.0,15.54
2024-01-15,4.94,3.19,21.08,0.0,0.0,30.03,0.0,0.0,0.0,0.0,21.09
2024-01-16,3.38,3.3,19.53,0.0,0.0,30.8,0.0,28.12,0.0,0.0,14.43
2024-01-17,4.55,2.2,22.63,0.0,0.0,27.72,0.0,34.2,0.0,0.0,20.35
2024-01-18,3.38,2.53,22.63,0.0,0.0,0.0,0.0,0.0,0.0,0.0,0.0
2024-01-19,2.73,2.09,21.08,0.0,0.0,0.0,0.0,0.0,0.0,0.0,0.0
2024-01-20,3.51,3.19,17.67,0.0,0.0,30.8,0.0,0.0,0.0,0.0,0.0
2024-01-21,4.16,3.2,16.24,0.0,0.0,36.72,0.0,48.96,0.0,0.0,0.0
2024-01-22,4.03,2.7,20.3,0.0,0.0,23.12,0.0,0.0,0.0,0.0,19.38
2024-01-23,2.73,2.0,20.3,0.0,0.0,0.0,0.0,0.0,0.0,0.0,16.72
2024-01-24,4.16,1.9,18.27,0.0,0.0,0.0,0.0,0.0,0.0,0.0,13.3
2024-01-25,3.77,2.2,17.69,0.0,0.0,0.0,0.0,0.0,0.0,0.0,14.82
2024-01-26,3.38,2.0,17.69,0.0,0.0,0.0,0.0,0.0,0.0,0.0,17.1
2024-01-27,3.9,2.6,17.69,0.0,0.0,0.0,0.0,0.0,0.0,0.0,0.0
2024-01-28,5.32,2.9,17.11,0.0,0.0,0.0,0.0,34.56,0.0,0.0,0.0
2024-01-29,4.48,2.1,18.27,0.0,0.0,0.0,0.0,0.0,0.0,0.0,25.74
2024-01-30,4.9,2.0,20.01,0.0,0.0,26.46,0.0,28.8,0.0,0.0,17.55
2024-01-31,4.62,2.1,18.27,0.0,0.0,20.79,0.0,0.0,0.0,0.0,19.89
2024-02-01,4.06,1.7,16.53,0.0,0.0,0.0,0.0,34.56,0.0,0.0,0.0
2024-02-02,3.36,1.4,20.01,0.0,0.0,0.0,0.0,0.0,0.0,0.0,0.0
2024-02-03,3.5,2.3,17.69,0.0,0.0,0.0,0.0,0.0,0.0,0.0,0.0
2024-02-04,4.9,4.2,20.1,0.0,0.0,34.4,0.0,0.0,0.0,0.0,0.0
2024-02-05,4.34,3.0,20.4,0.0,0.0,25.6,0.0,0.0,0.0,0.0,20.52
2024-02-06,3.92,2.88,20.4,0.0,0.0,51.2,0.0,0.0,0.0,0.0,0.0
2024-02-07,4.2,3.36,24.0,0.0,0.0,40.8,0.0,0.0,0.0,0.0,21.6
2024-02-08,4.48,2.52,18.0,0.0,0.0,0.0,0.0,0.0,0.0,0.0,0.0
2024-02-09,3.36,3.0,19.8,0.0,0.0,23.2,0.0,0.0,0.0,0.0,15.48
2024-02-10,4.62,3.0,15.6,0.0,0.0,80.0,0.0,0.0,0.0,0.0,0.0
2024-02-11,4.2,3.63,16.52,0.0,0.0,33.5,0.0,0.0,0.0,0.0,0.0
2024-02-12,3.6,2.64,22.4,0.0,0.0,0.0,0.0,32.85,0.0,0.0,17.68
2024-02-13,3.36,2.86,19.88,0.0,0.0,0.0,0.0,0.0,0.0,0.0,13.26
2024-02-14,2.4,1.87,15.12,0.0,0.0,0.0,0.0,0.0,0.0,0.0,15.98
2024-02-15,2.28,2.31,17.64,0.0,0.0,0.0,0.0,0.0,0.0,0.0,0.0
2024-02-16,3.12,2.09,14.84,0.0,0.0,0.0,0.0,0.0,0.0,0.0,0.0
2024-02-17,3.48,2.31,17.92,0.0,0.0,30.82,0.0,22.05,0.0,0.0,0.0
2024-02-18,4.03,1.89,15.68,0.0,0.0,19.61,0.0,28.62,0.0,0.0,0.0
2024-02-19,3.25,1.98,20.16,0.0,0.0,14.84,0.0,0.0,0.0,0.0,0.0
2024-02-20,2.86,2.07,18.48,0.0,0.0,0.0,0.0,0.0,0.0,0.0,0.0
2024-02-21,2.6,1.98,17.64,0.0,0.0,0.0,0.0,0.0,0.0,0.0,17.5
2024-02-22,3.9,1.35,17.64,0.0,0.0,15.37,0.0,0.0,0.0,0.0,14.35
2024-02-23,4.16,1.8,16.24,0.0,0.0,0.0,0.0,0.0,0.0,0.0,0.0
2024-02-24,4.81,1.98,15.12,0.0,0.0,0.0,0.0,0.0,0.0,0.0,0.0
2024-02-25,3.63,2.6,16.53,0.0,0.0,14.96,0.0,0.0,0.0,0.0,0.0
2024-02-26,2.75,1.5,22.62,0.0,0.0,0.0,0.0,0.0,0.0,0.0,0.0
2024-02-27,2.64,1.6,20.59,0.0,0.0,0.0,0.0,0.0,0.0,0.0,0.0
2024-02-28,2.75,1.3,19.72,0.0,0.0,0.0,0.0,0.0,0.0,0.0,0.0
2024-02-29,2.2,2.3,17.11,0.0,0.0,0.0,0.0,29.11,0.0,0.0,0.0
2024-03-01,2.31,2.4,12.47,0.0,0.0,0.0,0.0,0.0,0.0,0.0,0.0
2024-03-02,2.97,2.2,16.53,0.0,0.0,0.0,0.0,0.0,0.0,0.0,20.77
2024-03-03,4.81,2.43,16.47,0.0,0.0,28.6,0.0,0.0,0.0,0.0,16.43
2024-03-04,4.16,1.98,18.09,0.0,0.0,0.0,0.0,0.0,0.0,0.0,16.12
2024-03-05,3.77,1.98,15.12,0.0,0.0,0.0,0.0,0.0,0.0,0.0,0.0
2024-03-06,3.12,1.08,17.28,0.0,0.0,0.0,0.0,0.0,0.0,0.0,17.98
2024-03-07,3.77,1.89,14.04,0.0,0.0,15.08,0.0,0.0,0.0,0.0,0.0
2024-03-08,1.82,1.17,12.15,0.0,0.0,0.0,0.0,0.0,0.0,0.0,0.0
2024-03-09,2.99,2.52,15.39,0.0,0.0,0.0,0.0,0.0,0.0,0.0,0.0
2024-03-10,3.48,2.43,13.77,0.0,0.0,20.14,0.0,0.0,0.0,0.0,0.0
2024-03-11,3.6,1.53,17.82,0.0,0.0,0.0,0.0,0.0,0.0,0.0,15.84
2024-03-12,3.24,1.98,17.28,0.0,0.0,0.0,0.0,0.0,0.0,0.0,0.0
2024-03-13,3.6,2.16,17.01,0.0,0.0,19.61,0.0,21.12,0.0,0.0,13.53
2024-03-14,2.4,1.89,15.66,0.0,0.0,0.0,0.0,0.0,0.0,0.0,0.0
2024-03-15,2.64,1.71,16.2,0.0,0.0,0.0,0.0,0.0,0.0,0.0,17.82
2024-03-16,3.24,1.62,12.69,0.0,0.0,16.96,0.0,0.0,0.0,0.0,0.0
2024-03-17,2.76,1.89,15.93,0.0,0.0,0.0,0.0,30.24,0.0,0.0,29.25
2024-03-18,3.72,1.71,18.36,0.0,0.0,0.0,0.0,0.0,0.0,0.0,19.89
2024-03-19,3.24,2.16,15.39,0.0,0.0,0.0,0.0,0.0,0.0,0.0,0.0
2024-03-20,2.88,1.8,17.55,0.0,0.0,12.09,0.0,0.0,0.0,0.0,24.96
2024-03-21,2.76,1.53,15.39,0.0,0.0,0.0,0.0,0.0,0.0,0.0,17.55
2024-03-22,3.24,1.44,15.39,0.0,0.0,0.0,0.0,0.0,0.0,0.0,0.0
2024-03-23,2.64,2.43,15.66,0.0,0.0,14.82,0.0,0.0,0.0,0.0,21.06
2024-03-24,3.48,2.6,13.77,0.0,0.0,0.0,0.0,0.0,0.0,0.0,0.0
2024-03-25,3.36,2.2,16.74,0.0,0.0,0.0,0.0,0.0,0.0,0.0,0.0
2024-03-26,3.36,2.0,18.09,0.0,0.0,0.0,0.0,0.0,0.0,0.0,17.16
2024-03-27,2.88,2.0,15.12,0.0,0.0,16.24,0.0,0.0,0.0,0.0,0.0
2024-03-28,3.12,2.1,15.39,0.0,0.0,19.6,0.0,0.0,0.0,0.0,0.0
2024-03-29,3.12,1.9,14.04,0.0,0.0,0.0,0.0,0.0,0.0,0.0,0.0
2024-03-30,2.64,2.0,13.77,0.0,0.0,0.0,0.0,0.0,0.0,0.0,0.0
2024-03-31,3.24,2.4,12.88,0.0,0.0,18.9,0.0,0.0,0.0,6.02,0.0
2024-04-01,3.36,1.8,21.84,0.0,0.0,0.0,0.0,0.0,0.0,0.0,0.0
2024-04-02,3.84,2.1,18.48,0.0,0.0,0.0,0.0,0.0,0.0,0.0,16.96
2024-04-03,3.36,2.1,17.92,0.0,0.0,0.0,0.0,0.0,0.0,0.0,0.0
2024-04-04,3.12,2.0,16.8,0.0,0.0,0.0,0.0,0.0,0.0,0.0,19.52
2024-04-05,2.88,1.8,19.04,0.0,0.0,19.98,0.0,0.0,0.0,0.0,0.0
2024-04-06,2.52,2.6,14.56,0.0,0.0,0.0,0.0,0.0,0.0,0.0,0.0
2024-04-07,2.1,1.98,15.5,0.0,0.0,0.0,0.0,0.0,0.0,0.0,23.31
2024-04-08,2.2,1.26,15.0,0.0,0.0,0.0,0.0,0.0,0.0,0.0,17.39
2024-04-09,2.1,1.98,13.25,0.0,0.0,0.0,0.0,0.0,0.0,0.0,15.17
2024-04-10,2.3,1.62,14.5,0.0,0.0,30.09,0.0,0.0,0.0,0.0,29.97
2024-04-11,2.6,1.98,10.5,0.0,0.0,18.88,0.0,0.0,0.0,0.0,15.17
2024-04-12,1.9,1.44,14.0,0.0,0.0,18.88,0.0,0.0,0.0,0.0,17.76
2024-04-13,2.2,1.8,10.25,0.0,0.0,18.88,0.0,0.0,0.0,0.0,23.68
2024-04-14,1.54,2.16,11.88,0.0,0.0,0.0,0.0,0.0,0.0,0.0,16.65
2024-04-15,2.42,1.62,18.81,0.0,0.0,0.0,0.0,0.0,0.0,0.0,21.83
2024-04-16,2.09,1.98,19.14,0.0,0.0,0.0,0.0,17.39,0.0,0.0,0.0
2024-04-17,2.75,1.62,28.05,0.0,0.0,0.0,0.0,0.0,0.0,0.0,0.0
2024-04-18,3.96,1.8,33.0,0.0,0.0,26.23,0.0,0.0,0.0,0.0,21.46
2024-04-19,2.42,1.35,28.71,0.0,0.0,0.0,0.0,0.0,0.0,0.0,0.0
2024-04-20,2.64,1.8,25.74,0.0,0.0,0.0,0.0,0.0,0.0,0.0,18.5
2024-04-21,2.42,2.16,23.1,0.0,0.0,15.84,0.0,0.0,0.0,0.0,0.0
2024-04-22,2.86,1.8,35.0,0.0,0.0,0.0,0.0,0.0,0.0,0.0,28.86
2024-04-23,2.64,1.44,26.95,0.0,0.0,13.92,0.0,0.0,0.0,0.0,0.0
2024-04-24,2.31,1.62,25.2,0.0,0.0,0.0,0.0,0.0,0.0,0.0,0.0
2024-04-25,2.86,1.62,24.5,0.0,0.0,0.0,0.0,0.0,0.0,0.0,0.0
2024-04-26,2.75,1.35,26.25,0.0,0.0,0.0,0.0,0.0,0.0,0.0,19.11
2024-04-27,2.31,1.98,22.75,0.0,0.0,0.0,0.0,0.0,0.0,0.0,0.0
2024-04-28,3.48,2.34,22.44,0.0,0.0,16.8,0.0,0.0,0.0,0.0,0.0
2024-04-29,2.88,1.71,25.5,0.0,0.0,17.92,0.0,0.0,0.0,0.0,0.0
2024-04-30,2.16,1.53,23.12,0.0,0.0,0.0,0.0,0.0,0.0,0.0,0.0
2024-05-01,3.48,1.71,21.42,0.0,0.0,0.0,0.0,0.0,0.0,0.0,0.0
2024-05-02,3.24,1.8,30.94,0.0,0.0,0.0,0.0,0.0,0.0,0.0,10.26
2024-05-03,2.64,1.44,25.5,0.0,0.0,0.0,0.0,0.0,0.0,0.0,0.0
2024-05-04,2.76,1.44,24.48,0.0,0.0,0.0,0.0,0.0,0.0,0.0,0.0
2024-05-05,2.97,1.71,23.8,0.0,0.0,0.0,0.0,0.0,0.0,0.0,0.0
2024-05-06,2.53,1.71,29.58,0.0,0.0,15.18,0.0,0.0,0.0,0.0,18.36
2024-05-07,2.97,1.44,26.86,0.0,0.0,0.0,0.0,0.0,0.0,0.0,0.0
2024-05-08,2.42,1.8,25.84,0.0,0.0,0.0,0.0,0.0,0.0,0.0,18.02
2024-05-09,2.64,1.08,23.12,0.0,0.0,0.0,0.0,0.0,0.0,0.0,19.04
2024-05-10,2.75,1.98,24.14,0.0,0.0,0.0,0.0,0.0,0.0,0.0,13.26
2024-05-11,2.09,2.34,22.44,0.0,0.0,0.0,0.0,0.0,0.0,0.0,0.0
2024-05-12,2.53,1.12,18.9,0.0,0.0,16.81,0.0,0.0,0.0,0.0,0.0
2024-05-13,2.42,0.98,20.1,0.0,0.0,0.0,0.0,0.0,0.0,0.0,0.0
2024-05-14,1.98,1.12,20.7,0.0,0.0,0.0,0.0,0.0,0.0,0.0,21.78
2024-05-15,1.98,1.26,17.7,0.0,0.0,0.0,0.0,0.0,0.0,0.0,0.0
2024-05-16,2.64,1.05,24.3,0.0,0.0,0.0,0.0,0.0,0.0,0.0,17.82
2024-05-17,3.08,1.19,20.4,0.0,0.0,0.0,0.0,0.0,0.0,5.74,13.2
2024-05-18,2.75,0.84,17.7,0.0,0.0,0.0,0.0,0.0,0.0,0.0,0.0
2024-05-19,2.2,1.92,18.09,0.0,0.0,0.0,0.0,0.0,0.0,0.0,0.0
2024-05-20,2.53,1.28,17.28,0.0,0.0,0.0,0.0,0.0,0.0,0.0,0.0
2024-05-21,3.3,1.92,18.63,0.0,0.0,0.0,0.0,0.0,0.0,0.0,0.0
2024-05-22,2.75,1.76,14.58,0.0,0.0,0.0,0.0,0.0,0.0,0.0,15.12
2024-05-23,2.75,1.44,15.12,0.0,0.0,0.0,0.0,11.07,0.0,0.0,0.0
2024-05-24,2.42,1.28,14.04,0.0,0.0,0.0,0.0,0.0,0.0,0.0,0.0
2024-05-25,2.31,1.2,16.2,0.0,0.0,0.0,0.0,0.0,0.0,0.0,0.0
2024-05-26,3.24,1.98,21.12,0.0,0.0,0.0,0.0,0.0,0.0,0.0,18.36
2024-05-27,3.36,1.98,20.13,0.0,0.0,31.0,0.0,0.0,0.0,0.0,0.0
2024-05-28,3.12,1.89,22.44,0.0,0.0,0.0,0.0,0.0,0.0,0.0,19.44
2024-05-29,2.76,1.62,25.41,0.0,0.0,0.0,0.0,0.0,0.0,0.0,0.0
2024-05-30,2.88,1.71,33.0,0.0,0.0,0.0,0.0,0.0,0.0,0.0,0.0
2024-05-31,2.76,1.35,25.41,0.0,0.0,0.0,0.0,0.0,0.0,0.0,0.0
2024-06-01,3.96,1.89,18.15,0.0,0.0,0.0,0.0,0.0,0.0,0.0,0.0
2024-06-02,2.31,1.8,21.3,0.0,0.0,0.0,0.0,22.94,0.0,0.0,0.0
2024-06-03,3.63,2.16,23.7,0.0,0.0,0.0,0.0,17.39,0.0,0.0,18.56
2024-06-04,2.42,1.89,20.4,0.0,0.0,0.0,0.0,0.0,0.0,0.0,8.96
2024-06-05,2.64,1.62,20.1,0.0,0.0,0.0,0.0,0.0,0.0,0.0,0.0
2024-06-06,2.42,1.44,16.8,0.0,0.0,0.0,0.0,0.0,0.0,0.0,17.92
2024-06-07,2.53,1.53,19.2,0.0,0.0,13.95,0.0,0.0,0.0,0.0,0.0
2024-06-08,3.3,1.35,18.6,0.0,0.0,18.45,0.0,0.0,0.0,0.0,0.0
2024-06-09,3.12,1.89,18.85,0.0,0.0,16.56,0.0,0.0,0.0,0.0,0.0
2024-06-10,3.12,1.98,19.72,0.0,0.0,13.8,0.0,0.0,0.0,0.0,0.0
2024-06-11,4.08,1.44,22.04,0.0,0.0,13.34,0.0,0.0,0.0,0.0,0.0
2024-06-12,3.36,1.62,20.3,0.0,0.0,0.0,0.0,0.0,0.0,0.0,0.0
2024-06-13,3.48,2.07,16.82,0.0,0.0,0.0,0.0,0.0,0.0,0.0,0.0
2024-06-14,2.04,1.44,18.27,0.0,0.0,0.0,0.0,0.0,0.0,0.0,12.5
2024-06-15,2.52,1.44,15.37,0.0,0.0,0.0,0.0,0.0,0.0,0.0,10.5
2024-06-16,3.41,1.71,18.91,0.0,0.0,16.4,0.0,14.0,0.0,0.0,40.87
2024-06-17,2.09,1.89,22.01,0.0,0.0,0.0,0.0,0.0,0.0,0.0,30.5
2024-06-18,2.97,1.8,20.77,0.0,0.0,0.0,0.0,0.0,0.0,0.0,35.38
2024-06-19,2.53,1.89,23.87,0.0,0.0,0.0,0.0,0.0,0.0,0.0,29.28
2024-06-20,2.42,1.44,22.94,0.0,0.0,0.0,0.0,0.0,0.0,0.0,42.7
2024-06-21,2.09,1.17,21.7,0.0,0.0,0.0,0.0,0.0,0.0,0.0,55.51
2024-06-22,2.09,1.71,18.91,0.0,0.0,0.0,0.0,0.0,0.0,0.0,35.38
2024-06-23,2.8,1.76,20.77,0.0,0.0,15.96,0.0,0.0,0.0,0.0,50.0
2024-06-24,2.5,1.6,22.63,0.0,0.0,0.0,0.0,0.0,0.0,0.0,25.5
2024-06-25,1.9,1.52,21.08,0.0,0.0,0.0,0.0,0.0,0.0,0.0,35.5
2024-06-26,2.8,1.6,22.32,0.0,0.0,0.0,0.0,0.0,0.0,0.0,22.5
2024-06-27,1.9,1.28,22.01,0.0,0.0,0.0,0.0,0.0,0.0,0.0,20.0
2024-06-28,2.3,1.44,21.08,0.0,0.0,0.0,0.0,0.0,0.0,0.0,30.0
2024-06-29,2.1,1.44,15.19,0.0,0.0,0.0,0.0,0.0,0.0,0.0,0.0
2024-06-30,2.75,1.62,17.98,0.0,0.0,0.0,0.0,17.86,0.0,0.0,0.0
2024-07-01,2.53,1.8,17.69,,,0.0,0.0,0.0,0.0,0.0,24.19
2024-07-02,2.2,1.35,17.4,,,0.0,0.0,0.0,0.0,0.0,0.0
2024-07-03,2.09,1.62,17.4,,,0.0,0.0,0.0,0.0,0.0,22.14
2024-07-04,2.2,1.44,15.08,,,0.0,0.0,0.0,0.0,0.0,18.86
2024-07-05,1.87,1.53,11.31,,,13.44,0.0,0.0,0.0,0.0,0.0
2024-07-06,2.2,1.8,15.95,,,0.0,0.0,0.0,0.0,0.0,15.17
2024-07-07,3.38,1.89,17.92,,,0.0,0.0,0.0,0.0,0.0,0.0
2024-07-08,2.47,1.35,21.76,,,0.0,0.0,0.0,0.0,0.0,22.75
2024-07-09,2.73,1.26,20.48,,,0.0,0.0,0.0,0.0,0.0,13.65
2024-07-10,2.86,1.08,18.24,,,0.0,0.0,0.0,0.0,0.0,0.0
2024-07-11,3.9,1.26,17.92,,,27.3,0.0,0.0,0.0,0.0,0.0
2024-07-12,3.64,1.44,17.6,,,0.0,0.0,0.0,0.0,0.0,16.45
2024-07-13,3.9,1.8,15.68,,,0.0,0.0,25.62,0.0,0.0,0.0
2024-07-14,3.38,1.62,17.49,,,22.79,0.0,0.0,0.0,0.0,0.0
2024-07-15,2.6,1.44,23.76,,,0.0,0.0,0.0,0.0,0.0,0.0
2024-07-16,3.25,1.26,22.44,,,0.0,0.0,0.0,0.0,0.0,23.1
2024-07-17,2.86,1.53,21.45,,,0.0,0.0,0.0,0.0,0.0,0.0
2024-07-18,2.34,1.44,17.49,,,0.0,0.0,0.0,0.0,0.0,12.6
2024-07-19,2.6,1.8,18.81,,,0.0,0.0,0.0,0.0,0.0,0.0
2024-07-20,3.77,1.8,16.17,,,0.0,0.0,0.0,0.0,0.0,0.0
2024-07-21,3.36,2.2,17.67,,,27.04,0.0,0.0,0.0,0.0,22.4
2024-07-22,3.5,1.2,22.01,,,0.0,0.0,0.0,0.0,0.0,17.6
2024-07-23,2.66,1.4,17.67,,,0.0,0.0,0.0,0.0,0.0,17.6
2024-07-24,3.5,1.6,18.29,,,0.0,0.0,0.0,0.0,0.0,0.0
2024-07-25,3.36,1.9,18.6,,,23.4,0.0,0.0,0.0,0.0,22.4
2024-07-26,3.22,1.6,13.64,,,0.0,0.0,0.0,0.0,0.0,0.0
2024-07-27,3.92,2.6,17.36,,,0.0,0.0,0.0,0.0,5.74,0.0
2024-07-28,5.04,3.08,19.22,,,0.0,0.0,0.0,0.0,8.2,17.16
2024-07-29,2.94,1.76,17.67,,,12.04,0.0,0.0,0.0,0.0,0.0
2024-07-30,3.78,2.2,20.77,,,0.0,0.0,0.0,0.0,0.0,13.65
2024-07-31,2.38,1.76,16.74,,,0.0,0.0,0.0,0.0,0.0,17.94
2024-08-01,2.66,2.53,15.5,,,0.0,0.0,0.0,0.0,0.0,14.04
2024-08-02,3.78,2.42,20.77,,,0.0,0.0,0.0,0.0,0.0,14.04
2024-08-03,3.78,1.98,17.67,,,0.0,0.0,0.0,0.0,0.0,0.0
2024-08-04,3.12,2.3,28.49,,,0.0,0.0,0.0,0.0,0.0,15.68
2024-08-05,3.12,1.5,28.86,,,0.0,0.0,0.0,0.0,0.0,14.72
2024-08-06,3.9,1.7,28.49,,,0.0,0.0,0.0,0.0,0.0,16.96
2024-08-07,3.12,2.1,26.64,,,0.0,0.0,0.0,0.0,0.0,14.72
2024-08-08,3.51,2.0,22.2,,,0.0,0.0,0.0,0.0,0.0,0.0
2024-08-09,2.21,1.7,22.57,,,0.0,0.0,0.0,0.0,0.0,0.0
2024-08-10,3.12,1.9,18.87,,,0.0,0.0,0.0,0.0,0.0,12.16
2024-08-11,3.25,1.9,14.1,,,0.0,0.0,32.4,0.0,0.0,19.72
2024-08-12,3.12,1.9,21.6,,,0.0,0.0,0.0,0.0,0.0,0.0
2024-08-13,3.51,2.3,19.8,,,0.0,0.0,0.0,0.0,0.0,14.28
2024-08-14,2.99,1.2,15.9,,,0.0,0.0,0.0,0.0,0.0,14.28
2024-08-15,2.73,1.7,15.6,,,0.0,0.0,0.0,0.0,0.0,0.0
2024-08-16,2.6,1.3,16.5,,,0.0,0.0,41.04,0.0,0.0,13.26
2024-08-17,3.12,1.0,12.9,,,0.0,0.0,0.0,0.0,0.0,0.0
2024-08-18,3.64,2.0,19.38,,,0.0,0.0,0.0,0.0,0.0,0.0
2024-08-19,3.22,1.8,17.86,,,27.95,0.0,0.0,0.0,0.0,0.0
2024-08-20,3.36,1.5,27.74,,,0.0,0.0,0.0,0.0,0.0,15.5
2024-08-21,4.62,1.7,25.46,,,0.0,0.0,0.0,0.0,0.0,0.0
2024-08-22,3.64,2.4,38.0,,,28.6,0.0,0.0,0.0,0.0,14.26
2024-08-23,3.64,1.5,30.78,,,0.0,0.0,0.0,0.0,0.0,0.0
2024-08-24,3.92,2.5,25.84,,,35.1,0.0,0.0,0.0,0.0,22.32
2024-08-25,4.48,3.08,18.3,,,0.0,0.0,0.0,0.0,0.0,16.8
2024-08-26,2.8,2.31,17.7,,,0.0,0.0,0.0,0.0,0.0,24.4
2024-08-27,3.36,2.2,19.5,,,24.99,0.0,0.0,0.0,0.0,0.0
2024-08-28,3.64,1.98,14.7,,,0.0,0.0,0.0,0.0,0.0,18.8
2024-08-29,3.22,1.76,15.6,,,0.0,0.0,0.0,0.0,0.0,0.0
2024-08-30,4.2,1.65,17.1,,,0.0,0.0,0.0,0.0,0.0,22.4
2024-08-31,3.5,2.42,13.5,,,24.99,0.0,0.0,0.0,0.0,0.0
2024-09-01,4.03,2.0,13.34,,,44.88,0.0,0.0,0.0,0.0,0.0
2024-09-02,3.64,2.0,17.69,,,33.0,0.0,0.0,0.0,0.0,0.0
2024-09-03,2.99,1.3,19.43,,,32.34,0.0,0.0,0.0,0.0,14.57
2024-09-04,2.86,1.8,16.53,,,0.0,0.0,0.0,0.0,0.0,0.0
2024-09-05,2.99,1.7,12.76,,,0.0,0.0,0.0,0.0,0.0,0.0
2024-09-06,2.73,1.8,16.53,,,0.0,0.0,0.0,0.0,0.0,0.0
2024-09-07,3.25,1.5,12.47,,,0.0,0.0,0.0,0.0,0.0,0.0
2024-09-08,4.16,2.3,12.0,,,44.0,0.0,0.0,0.0,0.0,0.0
2024-09-09,2.99,1.9,12.25,,,28.05,0.0,0.0,0.0,0.0,19.11
2024-09-10,2.99,1.8,12.0,,,0.0,0.0,0.0,0.0,0.0,19.11
2024-09-11,2.99,1.7,11.5,,,0.0,0.0,0.0,0.0,0.0,0.0
2024-09-12,2.6,1.4,11.75,,,0.0,0.0,0.0,0.0,0.0,23.79
2024-09-13,2.73,2.0,10.25,,,0.0,0.0,0.0,0.0,0.0,17.16
2024-09-14,2.86,2.1,11.25,,,0.0,0.0,0.0,0.0,0.0,0.0
2024-09-15,3.12,1.26,9.75,,,0.0,0.0,0.0,0.0,0.0,0.0
2024-09-16,2.99,1.71,10.0,,,31.0,0.0,0.0,0.0,0.0,17.68
2024-09-17,3.25,0.99,12.0,,,32.86,0.0,0.0,0.0,0.0,0.0
2024-09-18,2.6,1.44,11.75,,,28.52,0.0,0.0,6.48,0.0,0.0
2024-09-19,2.47,1.53,12.0,,,0.0,0.0,0.0,0.0,0.0,0.0
2024-09-20,3.38,1.62,10.75,,,0.0,0.0,0.0,0.0,0.0,0.0
2024-09-21,3.51,1.44,12.0,,,43.4,0.0,0.0,0.0,0.0,0.0
2024-09-22,2.97,1.35,14.72,,,0.0,0.0,0.0,0.0,0.0,0.0
2024-09-23,1.98,1.44,16.96,,,0.0,0.0,20.21,0.0,0.0,21.0
2024-09-24,2.86,1.53,13.76,,,0.0,0.0,0.0,0.0,0.0,0.0
2024-09-25,1.76,1.26,17.92,,,0.0,0.0,0.0,0.0,0.0,17.15
2024-09-26,2.09,1.62,21.44,,,0.0,0.0,0.0,0.0,0.0,0.0
2024-09-27,2.53,1.53,25.28,,,0.0,0.0,0.0,0.0,0.0,0.0
2024-09-28,1.98,1.35,18.88,,,18.24,0.0,0.0,0.0,0.0,18.9
2024-09-29,3.51,1.8,19.8,,,0.0,0.0,0.0,0.0,0.0,0.0
2024-09-30,2.6,1.5,21.78,,,0.0,0.0,0.0,0.0,0.0,0.0
2024-10-01,2.99,2.0,20.13,,,0.0,0.0,22.79,0.0,0.0,20.4
2024-10-02,2.6,1.3,21.78,,,20.68,0.0,0.0,0.0,9.72,0.0
2024-10-03,3.64,1.9,18.81,,,0.0,0.0,33.54,0.0,0.0,22.0
2024-10-04,2.6,0.7,15.84,,,0.0,0.0,0.0,0.0,0.0,0.0
2024-10-05,3.38,2.4,16.17,,,23.97,0.0,0.0,0.0,0.0,19.6
2024-10-06,3.64,1.71,11.88,,,0.0,0.0,0.0,0.0,0.0,0.0
2024-10-07,3.38,1.26,14.58,,,0.0,0.0,24.75,0.0,0.0,16.56
2024-10-08,3.12,2.07,17.01,,,0.0,0.0,0.0,0.0,0.0,0.0
2024-10-09,2.99,1.53,14.85,,,0.0,0.0,0.0,0.0,0.0,0.0
2024-10-10,2.86,1.26,12.15,,,0.0,0.0,0.0,0.0,0.0,0.0
2024-10-11,2.6,1.71,12.96,,,0.0,0.0,0.0,0.0,6.3,18.0
2024-10-12,3.12,1.53,10.8,,,0.0,0.0,0.0,0.0,0.0,0.0
2024-10-13,2.99,2.2,13.5,,,25.44,0.0,0.0,0.0,0.0,0.0
2024-10-14,4.16,1.87,15.93,,,0.0,0.0,0.0,0.0,0.0,18.04
2024-10-15,3.12,2.09,13.5,,,0.0,0.0,0.0,0.0,0.0,23.37
2024-10-16,3.38,1.98,12.15,,,0.0,0.0,0.0,0.0,0.0,20.91
2024-10-17,2.73,1.76,12.15,,,0.0,0.0,0.0,0.0,0.0,25.01
2024-10-18,2.86,1.98,13.77,,,24.48,0.0,0.0,0.0,0.0,18.04
2024-10-19,2.73,2.09,12.42,,,0.0,0.0,0.0,0.0,0.0,17.63
2024-10-20,4.76,2.6,14.56,,,40.15,0.0,0.0,0.0,0.0,15.64
2024-10-21,5.1,1.8,15.12,,,0.0,0.0,0.0,0.0,0.0,0.0
2024-10-22,3.4,1.7,15.96,,,0.0,0.0,0.0,0.0,0.0,0.0
2024-10-23,6.97,2.2,16.24,,,0.0,0.0,27.03,0.0,0.0,0.0
2024-10-24,6.63,1.9,14.0,,,24.2,0.0,0.0,0.0,0.0,0.0
2024-10-25,4.42,2.0,14.56,,,25.85,0.0,0.0,0.0,0.0,0.0
2024-10-26,4.93,1.7,10.08,,,0.0,0.0,0.0,0.0,0.0,22.78
2024-10-27,2.99,1.6,13.0,,,0.0,0.0,0.0,0.0,0.0,14.88
2024-10-28,3.9,1.9,15.86,,,0.0,0.0,0.0,0.0,0.0,0.0
2024-10-29,3.77,2.1,13.52,,,16.34,0.0,0.0,0.0,0.0,14.57
2024-10-30,3.9,1.5,11.96,,,0.0,0.0,0.0,0.0,0.0,0.0
2024-10-31,2.99,1.4,12.22,,,0.0,0.0,0.0,0.0,0.0,0.0
2024-11-01,2.21,2.1,9.88,,,0.0,0.0,32.9,0.0,0.0,0.0
2024-11-02,2.86,2.2,13.0,,,0.0,0.0,0.0,0.0,0.0,0.0
2024-11-03,5.18,2.3,15.39,,,27.36,0.0,0.0,0.0,0.0,26.5
2024-11-04,3.92,1.6,13.77,,,26.88,0.0,0.0,0.0,0.0,0.0
2024-11-05,2.66,1.4,13.5,,,0.0,0.0,0.0,0.0,0.0,27.5
2024-11-06,2.66,1.9,11.34,,,0.0,0.0,0.0,0.0,0.0,0.0
2024-11-07,4.06,1.9,13.5,,,0.0,0.0,0.0,0.0,0.0,21.0
2024-11-08,3.22,1.9,13.77,,,0.0,0.0,0.0,0.0,0.0,29.0
2024-11-09,4.2,2.3,13.23,,,0.0,0.0,0.0,0.0,0.0,27.0
2024-11-10,4.8,2.16,14.0,,,22.09,0.0,26.6,0.0,0.0,27.0
2024-11-11,4.35,1.26,17.64,,,0.0,0.0,0.0,0.0,0.0,23.5
2024-11-12,3.6,1.35,15.4,,,0.0,0.0,0.0,0.0,0.0,24.0
2024-11-13,4.2,1.53,14.84,,,20.68,0.0,0.0,0.0,0.0,21.5
2024-11-14,3.75,1.44,13.72,,,24.44,0.0,0.0,0.0,0.0,24.0
2024-11-15,3.3,1.71,12.88,,,0.0,0.0,0.0,0.0,0.0,23.5
2024-11-16,4.5,1.26,10.64,,,0.0,0.0,0.0,0.0,0.0,31.5
2024-11-17,4.65,2.31,16.24,,,24.44,0.0,0.0,0.0,0.0,0.0
2024-11-18,5.25,1.98,16.24,,,22.88,0.0,30.21,0.0,0.0,26.88
2024-11-19,3.45,2.31,17.69,,,26.0,0.0,0.0,0.0,0.0,21.0
2024-11-20,3.9,1.65,17.11,,,0.0,0.0,0.0,0.0,0.0,20.16
2024-11-21,3.9,1.87,14.21,,,0.0,0.0,39.75,0.0,0.0,0.0
2024-11-22,3.3,1.54,15.66,,,0.0,0.0,0.0,0.0,0.0,19.74
2024-11-23,5.25,1.98,13.34,,,29.12,0.0,0.0,0.0,0.0,18.9
2024-11-24,4.2,2.3,16.82,,,21.07,0.0,0.0,0.0,0.0,52.0
2024-11-25,3.78,1.6,15.95,,,0.0,0.0,0.0,0.0,0.0,21.84
2024-11-26,2.94,1.8,18.27,,,0.0,0.0,0.0,0.0,0.0,24.96
2024-11-27,3.36,1.7,15.66,,,0.0,0.0,0.0,0.0,0.0,0.0
2024-11-28,3.78,1.6,17.4,,,0.0,0.0,0.0,0.0,0.0,33.28
2024-11-29,3.36,1.7,12.76,,,0.0,0.0,0.0,0.0,0.0,34.32
2024-11-30,4.06,1.7,13.34,,,24.01,0.0,0.0,0.0,0.0,25.48
2024-12-01,3.5,1.8,16.12,,,0.0,0.0,0.0,0.0,0.0,36.66
2024-12-02,3.78,2.2,19.53,,,0.0,0.0,0.0,9.6,0.0,34.31
2024-12-03,3.5,2.4,17.98,,,0.0,0.0,0.0,0.0,0.0,0.0
2024-12-04,3.36,1.6,20.77,,,0.0,0.0,0.0,0.0,0.0,22.09
2024-12-05,3.64,1.5,17.05,,,19.27,0.0,25.96,0.0,0.0,19.74
2024-12-06,3.5,1.1,15.81,,,0.0,0.0,0.0,0.0,0.0,0.0
2024-12-07,3.36,1.8,17.05,,,0.0,0.0,0.0,0.0,0.0,0.0
2024-12-08,3.51,2.0,15.66,,,0.0,0.0,0.0,0.0,0.0,26.88
2024-12-09,3.12,1.9,18.27,,,0.0,0.0,0.0,0.0,0.0,0.0
2024-12-10,2.99,1.6,17.98,,,0.0,0.0,0.0,0.0,0.0,0.0
2024-12-11,2.6,1.8,14.79,,,0.0,0.0,0.0,0.0,0.0,32.34
2024-12-12,2.99,1.8,15.95,,,0.0,0.0,0.0,0.0,0.0,0.0
2024-12-13,2.99,1.2,13.05,,,0.0,0.0,0.0,0.0,0.0,18.9
2024-12-14,4.03,2.3,13.63,,,0.0,0.0,0.0,0.0,0.0,0.0
2024-12-15,4.2,2.2,18.29,,,22.88,0.0,39.76,0.0,0.0,0.0
2024-12-16,3.36,1.6,19.84,,,0.0,0.0,29.12,0.0,0.0,28.08
2024-12-17,3.36,1.8,18.6,,,0.0,0.0,0.0,0.0,0.0,0.0
2024-12-18,3.22,1.8,21.08,,,22.0,0.0,0.0,0.0,0.0,31.72
2024-12-19,3.64,1.8,17.05,,,0.0,0.0,0.0,0.0,0.0,30.16
2024-12-20,3.5,2.7,19.84,,,0.0,0.0,0.0,0.0,0.0,28.08
2024-12-21,2.8,1.3,13.33,,,0.0,0.0,0.0,0.0,0.0,39.0
2024-12-22,3.92,2.88,17.11,,,46.97,0.0,0.0,0.0,0.0,0.0
2024-12-23,2.52,2.04,15.08,,,0.0,0.0,0.0,0.0,0.0,0.0
2024-12-24,1.96,1.8,12.47,,,0.0,0.0,0.0,0.0,0.0,28.14
2024-12-25,3.22,2.52,13.34,,,0.0,0.0,0.0,0.0,0.0,0.0
2024-12-26,3.92,3.48,14.79,,,61.0,0.0,0.0,0.0,0.0,24.36
2024-12-27,4.34,2.88,15.37,,,0.0,0.0,46.23,0.0,0.0,0.0
2024-12-28,4.2,2.76,17.4,,,34.16,0.0,67.0,0.0,0.0,0.0
2024-12-29,4.32,4.35,19.2,,,49.92,0.0,45.82,0.0,0.0,25.65
2024-12-30,4.96,4.2,18.88,,,76.8,0.0,0.0,0.0,0.0,25.2
2024-12-31,3.84,4.2,17.6,,,0.0,0.0,0.0,0.0,9.24,0.0
2025-01-01,8.0,6.9,25.92,0.0,0.0,92.16,0.0,44.24,0.0,0.0,0.0
2025-01-02,7.52,4.5,30.08,0.0,0.0,67.2,0.0,0.0,0.0,0.0,34.65
2025-01-03,9.12,6.6,30.72,0.0,0.0,76.8,0.0,0.0,0.0,0.0,25.2
2025-01-04,6.08,6.3,22.4,0.0,0.0,53.76,0.0,42.66,0.0,0.0,31.5
2025-01-05,11.02,7.7,32.76,0.0,0.0,81.0,0.0,57.72,0.0,0.0,35.25
2025-01-06,9.88,4.62,35.28,0.0,0.0,69.0,0.0,35.1,0.0,0.0,34.31
2025-01-07,8.17,6.02,33.48,0.0,0.0,55.0,0.0,0.0,0.0,0.0,25.85
2025-01-08,9.31,4.9,32.04,0.0,0.0,48.0,0.0,0.0,0.0,0.0,33.37
2025-01-09,6.65,4.62,32.4,0.0,0.0,62.0,0.0,0.0,0.0,0.0,37.13
2025-01-10,9.12,4.62,33.84,0.0,0.0,66.0,0.0,40.56,0.0,0.0,32.9
2025-01-11,9.31,3.92,29.16,0.0,0.0,90.0,0.0,41.34,0.0,0.0,0.0
2025-01-12,6.0,5.46,24.8,0.0,0.0,78.3,0.0,42.66,0.0,0.0,0.0
2025-01-13,5.25,3.77,31.0,0.0,0.0,59.4,0.0,0.0,0.0,0.0,21.45
2025-01-14,6.15,4.81,28.83,0.0,0.0,67.5,0.0,73.47,0.0,0.0,27.69
2025-01-15,5.1,4.16,25.42,0.0,0.0,66.6,0.0,31.6,0.0,0.0,0.0
2025-01-16,6.6,4.16,24.49,0.0,0.0,0.0,0.0,35.55,0.0,0.0,0.0
2025-01-17,5.85,4.03,20.77,0.0,0.0,49.5,0.0,0.0,0.0,0.0,0.0
2025-01-18,7.5,4.81,22.63,0.0,0.0,67.5,0.0,0.0,0.0,0.0,0.0
2025-01-19,6.02,5.04,25.5,0.0,0.0,49.4,0.0,24.44,0.0,0.0,0.0
2025-01-20,4.62,4.08,29.4,0.0,0.0,58.9,0.0,0.0,0.0,0.0,0.0
2025-01-21,4.48,4.44,22.2,0.0,0.0,80.75,0.0,0.0,0.0,0.0,20.28
2025-01-22,5.04,3.24,25.5,0.0,0.0,65.55,0.0,0.0,0.0,0.0,19.5
2025-01-23,5.6,2.76,20.4,0.0,0.0,0.0,0.0,0.0,0.0,0.0,23.01
2025-01-24,3.64,2.4,19.8,0.0,0.0,0.0,0.0,0.0,0.0,0.0,0.0
2025-01-25,5.46,3.24,20.4,0.0,0.0,51.3,0.0,0.0,0.0,0.0,0.0
2025-01-26,6.6,4.8,23.78,0.0,0.0,32.48,0.0,29.07,0.0,0.0,22.1
2025-01-27,6.9,3.96,26.1,0.0,0.0,0.0,0.0,0.0,0.0,0.0,0.0
2025-01-28,6.6,3.6,22.33,0.0,0.0,35.38,0.0,0.0,0.0,0.0,0.0
2025-01-29,6.6,3.84,25.23,0.0,0.0,34.22,0.0,0.0,0.0,0.0,0.0
2025-01-30,6.0,3.12,21.75,0.0,0.0,0.0,0.0,0.0,0.0,0.0,22.1
2025-01-31,5.4,3.72,18.27,0.0,0.0,0.0,0.0,0.0,0.0,0.0,0.0
2025-02-01,5.1,3.6,21.46,0.0,0.0,29.58,0.0,28.5,0.0,0.0,20.74
2025-02-02,6.9,4.42,25.11,0.0,0.0,39.6,0.0,0.0,0.0,0.0,32.8
2025-02-03,5.85,3.9,29.45,0.0,0.0,0.0,0.0,0.0,0.0,0.0,0.0
2025-02-04,5.25,3.9,23.56,0.0,0.0,0.0,0.0,0.0,0.0,0.0,0.0
2025-02-05,4.65,3.77,24.8,0.0,0.0,0.0,0.0,0.0,0.0,0.0,21.2
2025-02-06,6.3,4.03,26.04,0.0,0.0,0.0,0.0,0.0,0.0,0.0,0.0
2025-02-07,5.55,4.03,23.25,0.0,0.0,28.8,0.0,0.0,0.0,0.0,22.0
2025-02-08,6.15,5.85,22.01,0.0,0.0,30.6,0.0,0.0,0.0,0.0,0.0
2025-02-09,6.3,4.08,22.4,0.0,0.0,0.0,0.0,0.0,0.0,0.0,21.35
2025-02-10,4.9,4.56,23.52,0.0,0.0,0.0,0.0,0.0,0.0,0.0,0.0
2025-02-11,4.76,2.88,20.44,0.0,0.0,28.0,0.0,0.0,0.0,0.0,17.85
2025-02-12,4.62,3.36,17.36,0.0,0.0,0.0,0.0,0.0,0.0,10.08,0.0
2025-02-13,3.92,2.52,21.84,0.0,0.0,0.0,0.0,0.0,0.0,7.14,0.0
2025-02-14,4.06,3.0,16.8,0.0,0.0,0.0,0.0,0.0,0.0,0.0,19.6
2025-02-15,6.44,4.32,21.84,0.0,0.0,28.0,0.0,0.0,0.0,0.0,0.0
2025-02-16,6.3,4.8,24.8,0.0,0.0,42.24,0.0,0.0,0.0,0.0,0.0
2025-02-17,6.75,3.96,29.76,0.0,0.0,46.72,0.0,0.0,0.0,6.93,42.3
2025-02-18,6.6,3.72,26.97,0.0,0.0,32.0,0.0,0.0,0.0,0.0,0.0
2025-02-19,5.1,3.72,23.87,0.0,0.0,28.8,0.0,0.0,0.0,0.0,31.02
2025-02-20,5.4,3.12,23.87,0.0,0.0,0.0,0.0,0.0,0.0,0.0,24.44
2025-02-21,4.95,3.0,24.49,0.0,0.0,29.44,0.0,0.0,0.0,0.0,31.96
2025-02-22,5.1,3.6,22.32,0.0,0.0,38.4,0.0,0.0,0.0,0.0,30.55
2025-02-23,4.16,4.5,22.04,0.0,0.0,0.0,0.0,22.14,0.0,0.0,26.04
2025-02-24,3.9,2.4,26.68,0.0,0.0,0.0,0.0,0.0,0.0,0.0,0.0
2025-02-25,4.55,3.2,22.62,0.0,0.0,0.0,0.0,0.0,0.0,0.0,20.16
2025-02-26,4.55,2.0,24.36,0.0,0.0,0.0,0.0,0.0,0.0,0.0,25.62
2025-02-27,3.25,1.6,21.17,0.0,0.0,39.06,0.0,0.0,0.0,0.0,30.24
2025-02-28,5.33,2.4,21.75,0.0,0.0,0.0,0.0,0.0,0.0,0.0,24.36
2025-03-01,4.29,2.6,17.69,0.0,0.0,0.0,0.0,0.0,0.0,0.0,28.56
2025-03-02,6.16,4.56,21.87,0.0,0.0,45.0,0.0,24.5,0.0,0.0,0.0
2025-03-03,4.48,3.96,20.79,0.0,0.0,0.0,0.0,0.0,0.0,0.0,23.4
2025-03-04,5.6,2.76,19.44,0.0,0.0,0.0,0.0,0.0,0.0,0.0,0.0
2025-03-05,3.08,2.88,23.22,0.0,0.0,33.0,0.0,0.0,0.0,0.0,0.0
2025-03-06,6.3,3.84,18.36,0.0,0.0,0.0,0.0,0.0,0.0,0.0,0.0
2025-03-07,4.2,3.96,19.44,0.0,0.0,27.6,0.0,0.0,0.0,0.0,19.08
2025-03-08,4.62,3.96,17.55,0.0,0.0,0.0,0.0,0.0,0.0,0.0,22.32
2025-03-09,5.32,3.96,20.72,0.0,0.0,63.96,0.0,0.0,0.0,0.0,0.0
2025-03-10,4.62,3.19,23.8,0.0,0.0,42.9,0.0,21.56,0.0,0.0,19.24
2025-03-11,5.04,2.97,23.24,0.0,0.0,0.0,0.0,0.0,0.0,0.0,0.0
2025-03-12,5.6,2.31,20.16,0.0,0.0,78.0,0.0,0.0,0.0,0.0,0.0
2025-03-13,5.46,2.53,21.28,0.0,0.0,35.88,0.0,18.92,0.0,0.0,0.0
2025-03-14,4.48,2.75,18.48,0.0,0.0,40.56,0.0,0.0,0.0,0.0,0.0
2025-03-15,4.9,4.07,21.56,0.0,0.0,0.0,0.0,0.0,0.0,0.0,0.0
2025-03-16,6.37,3.08,20.3,0.0,0.0,29.5,0.0,18.9,0.0,0.0,0.0
2025-03-17,5.2,3.52,21.75,0.0,0.0,0.0,0.0,0.0,0.0,0.0,29.4
2025-03-18,3.38,4.07,21.75,0.0,0.0,0.0,0.0,0.0,0.0,0.0,21.42
2025-03-19,4.68,3.19,22.91,0.0,0.0,0.0,0.0,0.0,0.0,0.0,22.26
2025-03-20,3.51,2.97,21.17,0.0,0.0,0.0,0.0,0.0,0.0,0.0,0.0
2025-03-21,4.55,3.3,23.49,0.0,0.0,0.0,0.0,0.0,0.0,0.0,0.0
2025-03-22,4.42,3.08,19.14,0.0,0.0,0.0,0.0,0.0,0.0,0.0,24.78
2025-03-23,4.68,3.52,16.12,0.0,0.0,0.0,0.0,0.0,0.0,0.0,0.0
2025-03-24,4.16,3.3,18.98,0.0,0.0,0.0,0.0,0.0,0.0,0.0,36.55
2025-03-25,4.55,3.19,17.16,0.0,0.0,0.0,0.0,0.0,0.0,0.0,22.36
2025-03-26,3.25,3.41,19.24,0.0,0.0,0.0,0.0,0.0,0.0,0.0,36.12
2025-03-27,4.55,2.97,16.38,0.0,0.0,0.0,0.0,24.82,0.0,0.0,0.0
2025-03-28,4.42,3.74,15.6,0.0,0.0,0.0,0.0,0.0,0.0,0.0,20.64
2025-03-29,5.07,2.53,15.86,0.0,0.0,0.0,0.0,0.0,0.0,0.0,0.0
2025-03-30,4.42,3.3,16.9,0.0,0.0,0.0,0.0,0.0,0.0,0.0,22.8
2025-03-31,4.81,2.5,15.86,0.0,0.0,31.8,0.0,0.0,0.0,0.0,22.8
2025-04-01,4.29,2.4,18.2,0.0,0.0,0.0,0.0,0.0,0.0,0.0,25.2
2025-04-02,3.9,2.7,20.8,0.0,0.0,0.0,0.0,0.0,0.0,0.0,22.8
2025-04-03,3.38,1.8,18.72,0.0,0.0,0.0,0.0,0.0,0.0,0.0,0.0
2025-04-04,3.64,2.7,13.78,0.0,0.0,0.0,0.0,0.0,0.0,0.0,19.6
2025-04-05,4.68,2.8,16.64,0.0,0.0,30.74,0.0,0.0,0.0,0.0,26.0
2025-04-06,4.68,2.79,18.2,0.0,0.0,38.76,0.0,0.0,0.0,0.0,0.0
2025-04-07,3.96,2.07,17.94,0.0,0.0,34.2,0.0,0.0,0.0,0.0,0.0
2025-04-08,3.48,2.43,20.8,0.0,0.0,0.0,0.0,0.0,0.0,0.0,21.42
2025-04-09,3.24,1.89,18.2,0.0,0.0,0.0,0.0,0.0,0.0,0.0,33.6
2025-04-10,3.84,2.16,15.86,0.0,0.0,29.64,0.0,0.0,0.0,0.0,0.0
2025-04-11,2.64,1.8,15.6,0.0,0.0,0.0,0.0,0.0,0.0,0.0,29.82
2025-04-12,4.08,1.71,14.3,0.0,0.0,0.0,0.0,0.0,0.0,0.0,0.0
2025-04-13,3.9,4.51,12.54,0.0,0.0,25.97,0.0,0.0,0.0,0.0,0.0
2025-04-14,3.12,3.41,12.54,0.0,0.0,0.0,0.0,0.0,0.0,0.0,28.42
2025-04-15,3.64,1.87,12.32,0.0,0.0,23.52,0.0,0.0,0.0,0.0,40.67
2025-04-16,5.2,2.53,13.2,0.0,0.0,0.0,0.0,0.0,0.0,0.0,49.0
2025-04-17,3.25,2.86,15.18,0.0,0.0,0.0,0.0,0.0,0.0,0.0,0.0
2025-04-18,4.68,2.64,12.32,0.0,0.0,27.93,0.0,0.0,0.0,0.0,31.85
2025-04-19,4.03,3.08,9.46,0.0,0.0,0.0,0.0,0.0,0.0,0.0,0.0
2025-04-20,4.55,3.19,13.2,0.0,0.0,36.48,0.0,0.0,0.0,0.0,30.0
2025-04-21,3.51,3.85,14.64,0.0,0.0,41.6,0.0,0.0,0.0,0.0,29.6
2025-04-22,5.72,3.74,14.16,0.0,0.0,30.72,0.0,0.0,0.0,0.0,0.0
2025-04-23,4.03,2.64,17.76,0.0,0.0,0.0,0.0,0.0,0.0,0.0,0.0
2025-04-24,3.9,1.98,15.12,0.0,0.0,0.0,0.0,0.0,0.0,0.0,0.0
2025-04-25,4.68,2.2,14.88,0.0,0.0,40.32,0.0,0.0,0.0,0.0,0.0
2025-04-26,3.77,3.52,13.44,0.0,0.0,32.64,0.0,0.0,0.0,0.0,0.0
2025-04-27,4.29,3.0,19.14,0.0,0.0,0.0,0.0,0.0,0.0,0.0,35.1
2025-04-28,4.03,2.2,24.07,0.0,0.0,0.0,0.0,0.0,0.0,0.0,0.0
2025-04-29,4.03,2.3,22.33,0.0,0.0,18.48,0.0,0.0,0.0,0.0,0.0
2025-04-30,4.68,2.5,22.04,0.0,0.0,0.0,0.0,0.0,0.0,0.0,25.2
2025-05-01,4.55,2.5,18.56,0.0,0.0,0.0,0.0,0.0,0.0,0.0,26.55
2025-05-02,4.42,2.8,21.17,0.0,0.0,0.0,0.0,0.0,0.0,0.0,0.0
2025-05-03,4.42,2.9,22.62,0.0,0.0,0.0,0.0,0.0,0.0,0.0,31.05
2025-05-04,4.62,4.07,12.22,0.0,0.0,25.97,0.0,0.0,0.0,0.0,24.14
2025-05-05,4.76,3.85,23.66,0.0,0.0,28.62,0.0,0.0,0.0,0.0,0.0
2025-05-06,4.2,2.42,19.24,0.0,0.0,24.38,0.0,0.0,0.0,0.0,0.0
2025-05-07,5.6,2.97,17.16,0.0,0.0,0.0,0.0,0.0,0.0,0.0,0.0
2025-05-08,4.06,3.3,18.2,0.0,0.0,0.0,0.0,0.0,0.0,0.0,18.02
2025-05-09,5.74,3.19,13.78,0.0,0.0,38.69,0.0,0.0,0.0,0.0,20.74
2025-05-10,6.02,2.75,16.38,0.0,0.0,0.0,0.0,0.0,0.0,0.0,0.0
2025-05-11,5.46,2.9,14.75,0.0,0.0,0.0,0.0,0.0,0.0,0.0,0.0
2025-05-12,5.88,2.6,15.25,0.0,0.0,0.0,0.0,0.0,0.0,0.0,0.0
2025-05-13,4.34,2.1,16.25,0.0,0.0,0.0,0.0,0.0,0.0,0.0,0.0
2025-05-14,6.02,2.6,18.75,0.0,0.0,0.0,0.0,0.0,0.0,0.0,17.7
2025-05-15,4.48,2.4,17.75,0.0,0.0,0.0,0.0,0.0,0.0,0.0,0.0
2025-05-16,5.6,2.3,16.25,0.0,0.0,0.0,0.0,0.0,0.0,0.0,0.0
2025-05-17,5.6,2.8,17.0,0.0,0.0,0.0,0.0,0.0,0.0,0.0,21.6
2025-05-18,5.2,3.24,16.64,0.0,0.0,43.45,0.0,0.0,0.0,0.0,0.0
2025-05-19,4.94,1.62,19.5,0.0,0.0,0.0,0.0,0.0,0.0,0.0,17.76
2025-05-20,3.9,1.44,15.6,0.0,0.0,0.0,0.0,0.0,0.0,0.0,0.0
2025-05-21,4.29,1.8,18.2,0.0,0.0,0.0,0.0,0.0,0.0,0.0,0.0
2025-05-22,4.29,2.61,18.98,0.0,0.0,0.0,0.0,0.0,0.0,0.0,19.61
2025-05-23,3.25,1.62,15.34,0.0,0.0,36.3,0.0,0.0,0.0,0.0,0.0
2025-05-24,4.94,2.43,17.68,0.0,0.0,0.0,0.0,0.0,0.0,0.0,24.05
2025-05-25,5.59,3.52,18.09,0.0,0.0,0.0,0.0,0.0,0.0,0.0,31.2
2025-05-26,4.68,2.86,20.25,0.0,0.0,0.0,0.0,0.0,0.0,0.0,19.6
2025-05-27,3.12,3.19,19.17,0.0,0.0,0.0,0.0,0.0,0.0,0.0,23.2
2025-05-28,3.64,2.97,20.25,0.0,0.0,18.0,0.0,0.0,0.0,0.0,23.6
2025-05-29,4.16,2.86,19.44,0.0,0.0,0.0,0.0,0.0,0.0,0.0,0.0
2025-05-30,4.68,3.08,18.09,0.0,0.0,0.0,0.0,0.0,0.0,0.0,26.8
2025-05-31,4.42,3.3,16.2,0.0,0.0,0.0,0.0,0.0,0.0,0.0,0.0
2025-06-01,5.46,3.2,19.98,0.0,0.0,32.34,0.0,0.0,0.0,0.0,0.0
2025-06-02,5.04,1.8,16.74,0.0,0.0,0.0,0.0,0.0,0.0,0.0,0.0
2025-06-03,5.04,2.9,17.82,0.0,0.0,0.0,0.0,0.0,0.0,0.0,0.0
2025-06-04,4.48,1.8,19.17,0.0,0.0,0.0,0.0,0.0,0.0,0.0,21.7
2025-06-05,5.46,2.1,17.01,0.0,0.0,22.05,0.0,0.0,0.0,0.0,0.0
2025-06-06,4.76,2.0,20.79,0.0,0.0,0.0,0.0,0.0,0.0,0.0,0.0
2025-06-07,4.48,2.5,18.36,0.0,0.0,0.0,0.0,0.0,0.0,0.0,0.0
2025-06-08,5.46,2.2,20.4,0.0,0.0,0.0,0.0,0.0,0.0,0.0,0.0
2025-06-09,5.74,2.75,21.6,0.0,0.0,0.0,0.0,0.0,0.0,0.0,24.3
2025-06-10,4.34,2.53,24.6,0.0,0.0,0.0,0.0,0.0,0.0,0.0,26.55
2025-06-11,5.04,2.86,26.1,0.0,0.0,0.0,0.0,0.0,0.0,0.0,22.95
2025-06-12,4.06,2.75,24.3,0.0,0.0,0.0,0.0,0.0,0.0,0.0,25.2
2025-06-13,4.06,3.74,19.8,0.0,0.0,0.0,0.0,0.0,0.0,0.0,35.1
2025-06-14,4.9,4.18,19.2,0.0,0.0,0.0,0.0,0.0,0.0,0.0,0.0
2025-06-15,5.46,3.48,18.72,0.0,0.0,0.0,0.0,0.0,0.0,0.0,26.4
2025-06-16,3.9,3.12,16.38,0.0,0.0,0.0,0.0,0.0,0.0,0.0,32.56
2025-06-17,4.29,4.08,20.8,0.0,0.0,0.0,0.0,0.0,0.0,0.0,0.0
2025-06-18,4.03,3.36,17.94,0.0,0.0,0.0,0.0,0.0,0.0,0.0,0.0
2025-06-19,4.55,2.88,18.72,0.0,0.0,0.0,0.0,0.0,0.0,0.0,25.96
2025-06-20,4.16,3.24,18.2,0.0,0.0,0.0,0.0,0.0,0.0,0.0,30.36
2025-06-21,3.38,3.6,16.38,0.0,0.0,0.0,0.0,0.0,0.0,0.0,0.0
2025-06-22,5.32,5.33,20.59,0.0,0.0,0.0,0.0,0.0,0.0,0.0,21.06
2025-06-23,5.6,5.33,20.59,0.0,0.0,0.0,0.0,0.0,0.0,0.0,19.89
2025-06-24,5.46,4.94,20.88,0.0,0.0,0.0,0.0,0.0,0.0,0.0,19.11
2025-06-25,4.76,3.38,18.56,0.0,0.0,0.0,0.0,0.0,0.0,0.0,0.0
2025-06-26,3.92,3.38,24.65,0.0,0.0,0.0,0.0,0.0,0.0,0.0,26.52
2025-06-27,4.34,3.25,21.46,0.0,0.0,0.0,0.0,0.0,0.0,0.0,19.89
2025-06-28,5.18,3.12,22.04,0.0,0.0,18.62,0.0,0.0,0.0,0.0,0.0
2025-06-29,6.3,3.0,21.39,0.0,0.0,0.0,0.0,27.0,0.0,0.0,0.0
2025-06-30,6.15,2.3,25.73,0.0,0.0,0.0,0.0,0.0,0.0,0.0,20.91
2025-07-01,1.5,0.9,8.37,0.0,0.0,22.05,0.0,0.0,0.0,0.0,0.0
2025-07-02,1.2,0.8,7.44,0.0,0.0,0.0,0.0,0.0,0.0,0.0,10.25
2025-07-03,2.1,0.7,7.13,0.0,0.0,0.0,0.0,0.0,0.0,0.0,0.0
2025-07-04,1.5,0.8,7.75,0.0,0.0,0.0,0.0,0.0,0.0,0.0,0.0
2025-07-05,2.1,0.7,6.82,0.0,0.0,0.0,0.0,0.0,0.0,0.0,0.0
2025-07-06,1.82,1.1,6.67,0.0,0.0,0.0,0.0,0.0,0.0,0.0,12.04
2025-07-07,1.4,0.99,6.96,0.0,0.0,0.0,0.0,0.0,0.0,0.0,0.0
2025-07-08,1.54,1.1,7.25,0.0,0.0,18.48,0.0,0.0,0.0,0.0,0.0
2025-07-09,1.26,1.1,7.54,0.0,0.0,0.0,0.0,0.0,0.0,0.0,0.0
2025-07-10,1.26,0.99,7.25,0.0,0.0,19.36,0.0,0.0,0.0,0.0,0.0
2025-07-11,1.26,0.77,6.09,0.0,0.0,0.0,0.0,0.0,0.0,0.0,0.0
2025-07-12,1.96,0.88,4.93,0.0,0.0,0.0,0.0,0.0,0.0,0.0,0.0
2025-07-13,2.21,1.1,7.44,0.0,0.0,0.0,0.0,0.0,0.0,0.0,0.0
2025-07-14,2.21,0.77,8.06,0.0,0.0,0.0,0.0,0.0,0.0,0.0,15.54
2025-07-15,1.87,0.77,6.82,0.0,0.0,0.0,0.0,0.0,0.0,0.0,0.0
2025-07-16,2.04,0.77,7.44,0.0,0.0,0.0,0.0,0.0,0.0,0.0,10.5
2025-07-17,2.72,1.1,8.06,0.0,0.0,0.0,0.0,0.0,0.0,0.0,9.66
2025-07-18,1.7,0.77,6.82,0.0,0.0,0.0,0.0,0.0,0.0,0.0,9.24
2025-07-19,3.06,1.43,8.99,0.0,0.0,0.0,0.0,0.0,0.0,0.0,0.0
2025-07-20,4.18,1.95,15.91,0.0,0.0,0.0,0.0,0.0,0.0,0.0,0.0
2025-07-21,4.18,1.8,13.76,0.0,0.0,0.0,0.0,0.0,0.0,0.0,0.0
2025-07-22,3.52,1.8,12.9,0.0,0.0,0.0,0.0,0.0,0.0,0.0,11.48
2025-07-23,3.3,1.65,13.76,0.0,0.0,0.0,0.0,0.0,0.0,0.0,13.12
2025-07-24,2.86,1.65,12.47,0.0,0.0,0.0,0.0,0.0,0.0,0.0,8.61
2025-07-25,4.18,1.35,15.05,0.0,0.0,0.0,0.0,0.0,0.0,0.0,0.0
2025-07-26,3.52,1.95,13.76,0.0,0.0,0.0,0.0,0.0,0.0,0.0,11.48
2025-07-27,5.78,2.94,15.5,0.0,0.0,0.0,0.0,0.0,0.0,0.0,0.0
2025-07-28,6.46,2.1,14.5,0.0,0.0,0.0,0.0,0.0,0.0,0.0,0.0
2025-07-29,7.48,2.94,20.5,0.0,0.0,26.88,0.0,0.0,0.0,0.0,20.09
2025-07-30,12.92,4.83,21.0,0.0,0.0,30.24,0.0,0.0,0.0,0.0,13.72
2025-07-31,9.86,4.2,20.0,0.0,0.0,0.0,0.0,0.0,0.0,0.0,11.76
2025-08-01,7.48,3.15,18.0,0.0,0.0,0.0,0.0,0.0,0.0,0.0,17.64
2025-08-02,11.56,4.2,19.5,0.0,0.0,0.0,0.0,0.0,0.0,0.0,10.78
2025-08-03,15.75,9.5,28.67,0.0,0.0,25.85,0.0,0.0,0.0,0.0,11.28
2025-08-04,13.05,9.12,28.67,0.0,0.0,0.0,0.0,0.0,0.0,0.0,10.34
2025-08-05,14.4,9.12,29.89,0.0,0.0,0.0,0.0,0.0,0.0,0.0,12.22
2025-08-06,17.55,9.5,31.11,0.0,0.0,0.0,0.0,0.0,0.0,0.0,18.33
2025-08-07,15.3,9.12,26.23,0.0,0.0,0.0,0.0,0.0,0.0,0.0,13.63
2025-08-08,14.85,12.92,25.62,0.0,0.0,0.0,0.0,0.0,0.0,0.0,0.0
2025-08-09,18.0,19.0,23.18,0.0,0.0,31.9,0.0,0.0,0.0,0.0,0.0
2025-08-10,22.88,29.64,33.66,0.0,0.0,0.0,0.0,27.72,0.0,0.0,23.97
2025-08-11,18.72,27.36,29.04,0.0,0.0,0.0,0.0,0.0,0.0,0.0,23.46
2025-08-12,19.24,20.52,33.0,0.0,0.0,0.0,0.0,0.0,0.0,0.0,13.77
2025-08-13,17.16,17.1,31.02,0.0,0.0,0.0,0.0,0.0,0.0,0.0,10.71
2025-08-14,21.32,21.09,34.98,0.0,0.0,0.0,0.0,0.0,0.0,0.0,0.0
2025-08-15,22.88,25.65,36.3,0.0,0.0,0.0,0.0,0.0,0.0,0.0,12.75
2025-08-16,24.96,31.35,36.96,0.0,0.0,0.0,0.0,0.0,0.0,0.0,11.73
2025-08-17,33.8,40.02,46.92,0.0,0.0,0.0,0.0,0.0,0.0,0.0,0.0
2025-08-18,25.48,34.22,46.24,0.0,0.0,0.0,0.0,0.0,0.0,0.0,0.0
2025-08-19,24.44,29.58,41.48,0.0,0.0,0.0,0.0,0.0,0.0,0.0,18.4
2025-08-20,15.08,18.56,31.96,0.0,0.0,31.2,0.0,0.0,0.0,0.0,0.0
2025-08-21,15.08,16.82,31.28,0.0,0.0,0.0,0.0,0.0,0.0,0.0,0.0
2025-08-22,15.08,18.56,27.88,0.0,0.0,0.0,0.0,0.0,0.0,0.0,15.64
2025-08-23,15.08,15.66,26.52,0.0,0.0,0.0,0.0,0.0,0.0,0.0,11.96
2025-08-24,15.05,12.24,24.2,0.0,0.0,0.0,0.0,0.0,0.0,0.0,0.0
2025-08-25,13.76,10.08,24.2,0.0,0.0,29.0,0.0,0.0,0.0,0.0,0.0
2025-08-26,12.04,10.08,22.55,0.0,0.0,0.0,0.0,0.0,0.0,0.0,0.0
2025-08-27,13.33,9.0,22.55,0.0,0.0,0.0,0.0,0.0,0.0,0.0,14.7
2025-08-28,12.47,7.56,20.35,0.0,0.0,0.0,0.0,0.0,0.0,0.0,12.25
2025-08-29,13.76,9.36,20.9,0.0,0.0,0.0,0.0,0.0,0.0,0.0,13.23
2025-08-30,17.2,13.32,22.55,0.0,0.0,0.0,0.0,0.0,0.0,0.0,0.0
2025-08-31,23.4,23.92,31.5,0.0,0.0,24.48,0.0,0.0,0.0,0.0,0.0
2025-09-01,18.2,19.76,30.87,0.0,0.0,0.0,0.0,0.0,0.0,0.0,0.0
2025-09-02,19.24,17.68,30.24,0.0,0.0,28.05,0.0,0.0,0.0,0.0,13.33
2025-09-03,21.32,20.28,32.13,0.0,0.0,24.99,0.0,0.0,0.0,0.0,9.03
2025-09-04,19.24,19.76,30.24,0.0,0.0,0.0,0.0,0.0,0.0,0.0,0.0
2025-09-05,18.2,18.72,25.2,0.0,0.0,0.0,0.0,0.0,0.0,0.0,0.0
2025-09-06,23.4,26.0,30.87,0.0,0.0,0.0,0.0,0.0,0.0,0.0,0.0
2025-09-07,24.99,30.24,33.28,0.0,0.0,25.38,0.0,0.0,0.0,0.0,10.4
2025-09-08,21.93,25.76,33.92,0.0,0.0,0.0,0.0,0.0,0.0,2.61,8.8
2025-09-09,17.85,19.04,28.8,0.0,0.0,0.0,0.0,0.0,0.0,0.0,11.2
2025-09-10,19.89,20.72,28.16,0.0,0.0,0.0,0.0,0.0,0.0,0.0,8.8
2025-09-11,16.83,21.28,26.88,0.0,0.0,0.0,0.0,0.0,0.0,0.0,14.4
2025-09-12,17.85,21.28,30.08,0.0,0.0,0.0,0.0,0.0,0.0,0.0,0.0
2025-09-13,21.42,28.56,36.48,0.0,0.0,43.74,0.0,0.0,0.0,0.0,0.0
2025-09-14,20.68,30.8,39.05,0.0,0.0,0.0,0.0,0.0,0.0,0.0,0.0
2025-09-15,16.45,23.52,36.92,0.0,0.0,26.55,0.0,0.0,0.0,0.0,8.2
2025-09-16,16.92,20.72,33.37,0.0,0.0,0.0,0.0,0.0,0.0,0.0,11.48
2025-09-17,15.51,21.84,31.95,0.0,0.0,0.0,0.0,0.0,0.0,0.0,0.0
2025-09-18,18.33,22.4,37.63,0.0,0.0,0.0,0.0,0.0,0.0,0.0,0.0
2025-09-19,13.63,18.48,28.4,0.0,0.0,0.0,0.0,0.0,0.0,0.0,0.0
2025-09-20,17.86,26.88,51.12,0.0,0.0,0.0,0.0,0.0,0.0,0.0,11.89
2025-09-21,23.94,21.0,43.74,0.0,0.0,29.58,0.0,0.0,0.0,0.0,21.15
2025-09-22,19.38,15.5,41.31,0.0,0.0,0.0,0.0,0.0,0.0,0.0,0.0
2025-09-23,23.37,19.0,48.6,0.0,0.0,0.0,0.0,0.0,0.0,0.0,12.69
2025-09-24,21.66,16.0,44.55,0.0,0.0,26.1,0.0,0.0,0.0,0.0,0.0
2025-09-25,22.8,17.0,42.12,0.0,0.0,0.0,0.0,0.0,0.0,0.0,11.28
2025-09-26,31.35,23.0,51.03,0.0,0.0,0.0,0.0,0.0,0.0,0.0,12.69
2025-09-27,29.07,25.0,41.31,0.0,0.0,0.0,0.0,0.0,0.0,0.0,11.75
2025-09-28,31.27,23.4,37.8,0.0,0.0,0.0,0.0,25.74,0.0,0.0,0.0
2025-09-29,27.14,20.28,40.6,0.0,0.0,0.0,0.0,0.0,0.0,0.0,0.0
2025-09-30,25.37,20.28,40.6,0.0,0.0,23.37,0.0,0.0,0.0,0.0,8.91
2025-10-01,25.96,16.64,36.4,0.0,0.0,0.0,0.0,0.0,0.0,0.0,10.56
2025-10-02,28.32,20.28,37.1,0.0,0.0,0.0,0.0,0.0,0.0,0.0,0.0
2025-10-03,23.01,21.84,31.5,0.0,0.0,0.0,0.0,0.0,0.0,0.0,0.0
2025-10-04,21.24,17.68,28.7,0.0,0.0,0.0,0.0,0.0,0.0,0.0,0.0
2025-10-05,19.11,14.4,22.62,0.0,0.0,0.0,0.0,0.0,0.0,0.0,0.0
2025-10-06,16.17,12.4,24.36,0.0,0.0,0.0,0.0,0.0,0.0,0.0,20.15
2025-10-07,18.62,10.0,24.36,0.0,0.0,0.0,0.0,0.0,0.0,0.0,20.8
2025-10-08,15.68,10.0,24.94,0.0,0.0,0.0,0.0,0.0,0.0,0.0,57.2
2025-10-09,17.15,10.8,25.52,0.0,0.0,0.0,0.0,0.0,0.0,0.0,21.45
2025-10-10,16.17,14.4,22.62,0.0,0.0,0.0,0.0,0.0,0.0,0.0,18.85
2025-10-11,21.56,12.4,29.0,0.0,0.0,25.38,0.0,0.0,0.0,0.0,0.0
2025-10-12,23.92,16.28,25.2,0.0,0.0,0.0,0.0,0.0,0.0,0.0,12.25
2025-10-13,20.8,14.08,27.6,0.0,0.0,0.0,0.0,0.0,0.0,0.0,13.23
2025-10-14,22.88,13.2,30.6,0.0,0.0,0.0,0.0,0.0,0.0,0.0,13.72
2025-10-15,23.92,21.12,32.4,0.0,0.0,0.0,0.0,0.0,0.0,0.0,14.21
2025-10-16,18.2,12.32,24.0,0.0,0.0,25.5,0.0,42.14,0.0,0.0,0.0
2025-10-17,16.64,12.32,24.6,0.0,0.0,0.0,0.0,0.0,0.0,0.0,14.7
2025-10-18,19.24,11.0,25.2,0.0,0.0,0.0,0.0,0.0,0.0,0.0,0.0
2025-10-19,19.32,12.16,25.2,0.0,0.0,34.98,0.0,0.0,0.0,0.0,0.0
2025-10-20,16.1,10.64,21.84,0.0,0.0,29.7,0.0,0.0,0.0,0.0,0.0
2025-10-21,17.02,11.4,23.52,0.0,0.0,0.0,0.0,0.0,0.0,0.0,11.61
2025-10-22,12.88,12.16,26.32,0.0,0.0,0.0,0.0,25.2,0.0,0.0,0.0
2025-10-23,16.1,9.88,22.96,0.0,0.0,0.0,0.0,0.0,0.0,0.0,0.0
2025-10-24,15.18,10.26,22.96,0.0,0.0,44.88,0.0,0.0,0.0,0.0,17.2
2025-10-25,13.8,11.4,22.96,0.0,0.0,29.04,0.0,0.0,0.0,0.0,15.05
2025-10-26,13.12,10.23,21.0,0.0,0.0,0.0,0.0,0.0,0.0,0.0,17.4
2025-10-27,13.12,7.75,20.5,0.0,0.0,34.8,0.0,0.0,0.0,0.0,17.98
2025-10-28,13.94,8.37,20.0,0.0,0.0,0.0,0.0,0.0,0.0,0.0,26.68
2025-10-29,11.89,6.51,18.0,0.0,0.0,0.0,0.0,0.0,0.0,3.0,19.14
2025-10-30,11.48,6.2,18.0,0.0,0.0,0.0,0.0,0.0,0.0,0.0,18.56
2025-10-31,12.3,6.51,19.5,0.0,0.0,0.0,0.0,0.0,0.0,0.0,16.24
2025-11-01,13.53,7.75,16.5,0.0,0.0,35.96,0.0,0.0,0.0,0.0,15.66
2025-11-02,17.02,12.58,18.87,0.0,0.0,44.02,0.0,32.34,0.0,0.0,0.0
2025-11-03,15.64,10.36,20.91,0.0,0.0,0.0,0.0,0.0,0.0,0.0,0.0
2025-11-04,15.18,7.4,20.91,0.0,0.0,0.0,0.0,0.0,0.0,0.0,31.72
2025-11-05,15.18,10.73,19.38,0.0,0.0,33.48,0.0,0.0,0.0,0.0,18.91
2025-11-06,16.1,8.88,18.36,0.0,0.0,27.28,0.0,0.0,0.0,0.0,16.47
2025-11-07,16.1,11.1,21.93,0.0,0.0,0.0,0.0,0.0,0.0,0.0,20.13
2025-11-08,17.94,9.99,17.85,0.0,0.0,0.0,0.0,0.0,0.0,0.0,20.13
2025-11-09,18.5,12.87,22.62,0.0,0.0,39.42,0.0,0.0,0.0,0.0,22.32
2025-11-10,18.5,10.92,23.78,0.0,0.0,0.0,0.0,0.0,0.0,0.0,33.48
2025-11-11,24.0,12.87,29.0,0.0,0.0,0.0,6.5,0.0,0.0,0.0,13.64
2025-11-12,18.5,11.31,26.68,0.0,0.0,0.0,0.0,0.0,0.0,0.0,21.08
2025-11-13,18.5,11.7,26.68,0.0,0.0,0.0,0.0,0.0,0.0,0.0,19.84
2025-11-14,17.0,10.92,26.1,0.0,0.0,0.0,0.0,0.0,0.0,0.0,14.88
2025-11-15,17.0,12.09,23.2,0.0,0.0,0.0,0.0,0.0,0.0,2.07,18.6
2025-11-16,24.6,12.8,27.9,0.0,0.0,0.0,0.0,0.0,0.0,0.0,38.64
2025-11-17,22.8,12.0,26.66,0.0,0.0,17.16,0.0,0.0,0.0,0.0,33.81
2025-11-18,23.4,11.6,31.0,0.0,0.0,0.0,0.0,0.0,0.0,0.0,26.22
2025-11-19,28.2,12.8,30.38,0.0,0.0,0.0,0.0,0.0,0.0,0.0,24.84
2025-11-20,28.2,12.0,30.38,0.0,0.0,0.0,0.0,0.0,0.0,0.0,20.01
2025-11-21,28.8,10.0,28.52,0.0,0.0,0.0,0.0,0.0,0.0,0.0,20.7
2025-11-22,31.2,12.0,24.18,0.0,0.0,0.0,0.0,0.0,0.0,0.0,0.0
2025-11-23,42.0,20.74,39.56,0.0,0.0,27.14,0.0,0.0,0.0,0.0,33.0
2025-11-24,36.12,20.13,38.7,0.0,0.0,0.0,0.0,0.0,0.0,0.0,43.0
2025-11-25,36.96,20.13,43.86,0.0,0.0,0.0,0.0,0.0,0.0,0.0,40.0
2025-11-26,61.32,25.62,53.32,0.0,0.0,0.0,0.0,0.0,0.0,0.0,44.0
2025-11-27,67.2,32.33,54.18,0.0,0.0,23.46,0.0,0.0,0.0,0.0,0.0
2025-11-28,73.08,39.65,50.74,0.0,0.0,0.0,0.0,0.0,0.0,0.0,100.0
2025-11-29,77.28,41.48,49.88,0.0,0.0,0.0,0.0,0.0,0.0,0.0,86.0
2025-11-30,100.0,35.96,39.2,0.0,0.0,0.0,0.0,0.0,0.0,0.0,83.72
2025-12-01,91.0,29.14,42.7,0.0,0.0,0.0,0.0,0.0,0.0,0.0,60.06
2025-12-02,85.0,30.38,38.5,0.0,0.0,0.0,0.0,0.0,0.0,0.0,30.03
2025-12-03,82.0,26.04,42.0,0.0,0.0,22.26,0.0,0.0,0.0,0.0,26.39
2025-12-04,67.0,25.42,37.1,0.0,0.0,29.15,0.0,0.0,0.0,0.0,20.02
2025-12-05,63.0,24.18,33.6,0.0,0.0,0.0,0.0,0.0,0.0,0.0,50.96
2025-12-06,57.0,26.04,31.5,0.0,0.0,0.0,0.0,0.0,0.0,0.0,46.41
2025-12-07,54.02,23.03,32.13,0.0,0.0,0.0,0.0,0.0,0.0,0.0,30.0
2025-12-08,50.32,20.58,31.5,0.0,0.0,0.0,0.0,0.0,0.0,0.0,31.5
2025-12-09,44.4,20.58,34.65,0.0,0.0,0.0,0.0,0.0,0.0,0.0,30.0
2025-12-10,41.44,17.64,31.5,0.0,0.0,0.0,0.0,0.0,0.0,0.0,20.25
2025-12-11,35.52,14.21,29.61,0.0,0.0,0.0,0.0,0.0,0.0,0.0,36.0
2025-12-12,36.26,16.17,25.2,0.0,0.0,0.0,0.0,0.0,0.0,0.0,25.5
2025-12-13,40.7,16.17,28.98,0.0,0.0,0.0,0.0,0.0,0.0,0.0,46.5
2025-12-14,41.89,12.92,28.2,0.0,0.0,36.54,0.0,0.0,0.0,0.0,17.11
2025-12-15,36.92,11.4,27.6,0.0,0.0,0.0,0.0,0.0,0.0,0.0,31.86
2025-12-16,35.5,10.64,28.8,0.0,0.0,0.0,0.0,0.0,0.0,0.0,16.52
2025-12-17,38.34,13.3,27.0,0.0,0.0,0.0,0.0,0.0,0.0,0.0,12.39
2025-12-18,46.15,13.3,30.6,0.0,0.0,0.0,0.0,0.0,0.0,0.0,16.52
2025-12-19,33.37,9.5,23.4,0.0,0.0,0.0,0.0,0.0,0.0,0.0,28.32
2025-12-20,26.98,5.7,20.4,0.0,0.0,0.0,0.0,0.0,0.0,0.0,17.11
2025-12-21,22.95,5.28,17.02,0.0,0.0,0.0,0.0,60.0,0.0,4.34,26.95
2025-12-22,18.87,4.32,15.18,0.0,0.0,0.0,0.0,0.0,0.0,0.0,15.95
2025-12-23,18.87,4.08,17.48,0.0,0.0,0.0,0.0,0.0,0.0,0.0,0.0
2025-12-24,15.81,3.12,14.26,0.0,0.0,0.0,0.0,0.0,0.0,0.0,16.5
2025-12-25,16.32,4.08,13.8,0.0,0.0,0.0,0.0,47.4,0.0,0.0,17.05
2025-12-26,22.95,4.56,17.94,0.0,0.0,0.0,0.0,0.0,0.0,0.0,0.0
2025-12-27,21.42,5.52,15.64,0.0,0.0,29.58,0.0,0.0,0.0,0.0,13.75
2025-12-28,26.46,7.28,19.11,0.0,0.0,66.75,0.0,0.0,0.0,0.0,0.0
2025-12-29,22.68,5.88,17.64,0.0,0.0,0.0,0.0,0.0,0.0,0.0,0.0
2025-12-30,20.52,5.6,16.17,0.0,0.0,89.0,12.24,0.0,0.0,0.0,14.56
2025-12-31,18.36,4.48,15.19,0.0,0.0,0.0,0.0,0.0,0.0,0.0,0.0
