Year,Month,Day,Count
2023,1,1,"2,246"
2023,1,2,"3,633"
2023,1,3,"2,982"
2023,1,4,"2,694"
2023,1,5,"3,512"
2023,1,6,"3,035"
2023,1,7,"2,773"
2023,1,8,"2,912"
2023,1,9,"3,806"
2023,1,10,"3,239"
2023,1,11,"2,702"
2023,1,12,"4,378"
2023,1,13,"3,321"
2023,1,14,"2,937"
2023,1,15,"3,183"
2023,1,16,"4,009"
2023,1,17,"3,253"
2023,1,18,"3,746"
2023,1,19,"3,973"
2023,1,20,"3,506"
2023,1,21,"3,126"
2023,1,22,"3,036"
2023,1,23,"3,995"
2023,1,24,"3,146"
2023,1,25,"2,973"
2023,1,26,"3,879"
2023,1,27,"3,451"
2023,1,28,"2,880"
2023,1,29,"3,130"
2023,1,30,"3,915"
2023,1,31,"3,174"
2023,2,1,"3,121"
2023,2,2,"3,940"
2023,2,3,"4,073"
2023,2,4,"3,313"
2023,2,5,"3,594"
2023,2,6,"4,638"
2023,2,7,"3,827"
2023,2,8,"3,688"
2023,2,9,"4,591"
2023,2,10,"4,722"
2023,2,11,"3,684"
2023,2,12,"3,546"
2023,2,13,"4,510"
2023,2,14,"3,438"
2023,2,15,"3,359"
2023,2,16,"4,377"
2023,2,17,"4,334"
2023,2,18,"3,407"
2023,2,19,"3,559"
2023,2,20,"4,619"
2023,2,21,"3,231"
2023,2,22,"3,542"
2023,2,23,"4,630"
2023,2,24,"3,988"
2023,2,25,"3,732"
2023,2,26,"3,073"
2023,2,27,"4,041"
2023,2,28,"3,062"
2023,3,1,"4,035"
2023,3,2,"4,015"
2023,3,3,"4,806"
2023,3,4,"3,687"
2023,3,5,"3,347"
2023,3,6,"4,473"
2023,3,7,"3,210"
2023,3,8,"3,513"
2023,3,9,"3,956"
2023,3,10,"4,338"
2023,3,11,"5,846"
2023,3,12,"3,203"
2023,3,13,"5,409"
2023,3,14,"3,199"
2023,3,15,"3,845"
2023,3,16,"4,404"
2023,3,17,"3,764"
2023,3,18,"3,575"
2023,3,19,"3,620"
2023,3,20,"5,081"
2023,3,21,"3,257"
2023,3,22,"3,703"
2023,3,23,"3,780"
2023,3,24,"4,713"
2023,3,25,"4,564"
2023,3,26,"4,369"
2023,3,27,"4,353"
2023,3,28,"2,925"
2023,3,29,"3,627"
2023,3,30,"4,274"
2023,3,31,"4,604"
2023,4,1,"4,238"
2023,4,2,"3,695"
2023,4,3,"4,548"
2023,4,4,"3,260"
2023,4,5,"3,211"
2023,4,6,"4,071"
2023,4,7,"3,888"
2023,4,8,"3,158"
2023,4,9,"2,425"
2023,4,10,"3,550"
2023,4,11,"2,271"
2023,4,12,"4,542"
2023,4,13,"4,609"
2023,4,14,"3,807"
2023,4,15,"2,888"
2023,4,16,"2,240"
2023,4,17,"3,344"
2023,4,18,"2,634"
2023,4,19,"3,545"
2023,4,20,"3,874"
2023,4,21,"3,981"
2023,4,22,"3,545"
2023,4,23,"3,025"
2023,4,24,"3,742"
2023,4,25,"3,227"
2023,4,26,"2,796"
2023,4,27,"3,052"
2023,4,28,"5,268"
2023,4,29,"3,320"
2023,4,30,"3,744"
2023,5,1,"3,483"
2023,5,2,"2,513"
2023,5,3,"2,062"
2023,5,4,"2,305"
2023,5,5,"3,436"
2023,5,6,"2,491"
2023,5,7,"2,111"
2023,5,8,"3,001"
2023,5,9,"3,251"
2023,5,10,"1,916"
2023,5,11,"2,262"
2023,5,12,"2,789"
2023,5,13,"2,340"
2023,5,14,"2,140"
2023,5,15,"2,867"
2023,5,16,"2,374"
2023,5,17,"2,068"
2023,5,18,"3,088"
2023,5,19,"5,563"
2023,5,20,"2,793"
2023,5,21,"2,277"
2023,5,22,"2,970"
2023,5,23,"2,366"
2023,5,24,"2,057"
2023,5,25,"2,668"
2023,5,26,"3,458"
2023,5,27,"2,789"
2023,5,28,"2,319"
2023,5,29,"2,908"
2023,5,30,"2,624"
2023,5,31,"2,020"
2023,6,1,"2,752"
2023,6,2,"3,256"
2023,6,3,"2,662"
2023,6,4,"2,282"
2023,6,5,"3,259"
2023,6,6,"2,348"
2023,6,7,"3,097"
2023,6,8,"2,544"
2023,6,9,"3,512"
2023,6,10,"3,079"
2023,6,11,"3,118"
2023,6,12,"3,017"
2023,6,13,"2,452"
2023,6,14,"2,819"
2023,6,15,"2,785"
2023,6,16,"3,866"
2023,6,17,"3,085"
2023,6,18,"2,731"
2023,6,19,"3,617"
2023,6,20,"4,902"
2023,6,21,"3,360"
2023,6,22,"3,503"
2023,6,23,"4,231"
2023,6,24,"4,277"
2023,6,25,"3,346"
2023,6,26,"4,103"
2023,6,27,"3,907"
2023,6,28,"4,169"
2023,6,29,"4,054"
2023,6,30,"4,255"
2023,7,1,"3,927"
2023,7,2,"3,363"
2023,7,3,"4,374"
2023,7,4,"3,450"
2023,7,5,"3,506"
2023,7,6,"3,465"
2023,7,7,"3,101"
2023,7,8,"4,019"
2023,7,9,"3,806"
2023,7,10,"4,321"
2023,7,11,"3,465"
2023,7,12,"4,015"
2023,7,13,"4,286"
2023,7,14,"5,044"
2023,7,15,"4,965"
2023,7,16,"5,465"
2023,7,17,"5,011"
2023,7,18,"4,321"
2023,7,19,"5,123"
2023,7,20,"5,165"
2023,7,21,"5,469"
2023,7,22,"5,042"
2023,7,23,"4,321"
2023,7,24,"4,569"
2023,7,25,"4,320"
2023,7,26,"4,321"
2023,7,27,"4,569"
2023,7,28,"5,132"
2023,7,29,"5,465"
2023,7,30,"5,862"
2023,7,31,"4,831"
2023,8,1,"5,005"
2023,8,2,"5,528"
2023,8,3,"5,041"
2023,8,4,"5,232"
2023,8,5,"5,841"
2023,8,6,"5,312"
2023,8,7,"6,108"
2023,8,8,"5,133"
2023,8,9,"5,521"
2023,8,10,"8,695"
2023,8,11,"5,496"
2023,8,12,"4,646"
2023,8,13,"6,056"
2023,8,14,"7,321"
2023,8,15,"6,504"
2023,8,16,"6,692"
2023,8,17,"7,133"
2023,8,18,"6,705"
2023,8,19,"5,808"
2023,8,20,"6,898"
2023,8,21,"7,381"
2023,8,22,"8,437"
2023,8,23,"9,862"
2023,8,24,"8,421"
2023,8,25,"9,142"
2023,8,26,"7,963"
2023,8,27,"9,335"
2023,8,28,"8,396"
2023,8,29,"7,479"
2023,8,30,"7,408"
2023,8,31,"5,860"
2023,9,1,"4,054"
2023,9,2,"3,972"
2023,9,3,"3,565"
2023,9,4,"4,463"
2023,9,5,"3,327"
2023,9,6,"3,115"
2023,9,7,"3,849"
2023,9,8,"3,693"
2023,9,9,"3,369"
2023,9,10,"4,404"
2023,9,11,"5,024"
2023,9,12,"4,859"
2023,9,13,"4,189"
2023,9,14,"4,565"
2023,9,15,"3,573"
2023,9,16,"3,352"
2023,9,17,"4,385"
2023,9,18,"5,396"
2023,9,19,"5,166"
2023,9,20,"4,046"
2023,9,21,"4,833"
2023,9,22,"4,081"
2023,9,23,"3,871"
2023,9,24,"4,213"
2023,9,25,"5,556"
2023,9,26,"4,800"
2023,9,27,"3,951"
2023,9,28,"4,604"
2023,9,29,"4,174"
2023,9,30,"4,876"
2023,10,1,"3,497"
2023,10,2,"3,711"
2023,10,3,"3,151"
2023,10,4,"2,675"
2023,10,5,"3,376"
2023,10,6,"3,695"
2023,10,7,"2,968"
2023,10,8,"3,199"
2023,10,9,"3,451"
2023,10,10,"3,030"
2023,10,11,"2,209"
2023,10,12,"3,305"
2023,10,13,"4,286"
2023,10,14,"3,954"
2023,10,15,"3,888"
2023,10,16,"4,079"
2023,10,17,"3,095"
2023,10,18,"2,812"
2023,10,19,"3,936"
2023,10,20,"5,101"
2023,10,21,"4,433"
2023,10,22,"3,912"
2023,10,23,"3,787"
2023,10,24,"3,340"
2023,10,25,"3,036"
2023,10,26,"3,823"
2023,10,27,"4,257"
2023,10,28,"3,391"
2023,10,29,"3,026"
2023,10,30,"3,207"
2023,10,31,"3,569"
2023,11,1,"4,564"
2023,11,2,"4,292"
2023,11,3,"4,465"
2023,11,4,"4,408"
2023,11,5,"4,473"
2023,11,6,"4,300"
2023,11,7,"3,892"
2023,11,8,"4,163"
2023,11,9,"6,496"
2023,11,10,"4,361"
2023,11,11,"5,086"
2023,11,12,"4,995"
2023,11,13,"7,520"
2023,11,14,"6,390"
2023,11,15,"5,259"
2023,11,16,"5,304"
2023,11,17,"5,129"
2023,11,18,"5,748"
2023,11,19,"5,484"
2023,11,20,"7,065"
2023,11,21,"4,578"
2023,11,22,"4,939"
2023,11,23,"4,687"
2023,11,24,"5,064"
2023,11,25,"5,128"
2023,11,26,"4,941"
2023,11,27,"4,972"
2023,11,28,"3,795"
2023,11,29,"5,316"
2023,11,30,"4,682"
2023,12,1,"4,972"
2023,12,2,"5,521"
2023,12,3,"5,048"
2023,12,4,"5,235"
2023,12,5,"5,851"
2023,12,6,"5,311"
2023,12,7,"6,108"
2023,12,8,"5,132"
2023,12,9,"5,520"
2023,12,10,"8,696"
2023,12,11,"5,494"
2023,12,12,"4,648"
2023,12,13,"6,054"
2023,12,14,"7,329"
2023,12,15,"6,504"
2023,12,16,"6,695"
2023,12,17,"7,132"
2023,12,18,"6,703"
2023,12,19,"5,809"
2023,12,20,"6,899"
2023,12,21,"7,386"
2023,12,22,"8,437"
2023,12,23,"9,864"
2023,12,24,"8,423"
2023,12,25,"9,141"
2023,12,26,"7,962"
2023,12,27,"9,336"
2023,12,28,"8,395"
2023,12,29,"7,478"
2023,12,30,"7,409"
2023,12,31,"5,860"
2024,1,1,"5,912"
2024,1,2,"6,204"
2024,1,3,"7,251"
2024,1,4,"6,253"
2024,1,5,"6,833"
2024,1,6,"6,834"
2024,1,7,"6,016"
2024,1,8,"6,521"
2024,1,9,"6,019"
2024,1,10,"7,027"
2024,1,11,"6,537"
2024,1,12,"6,982"
2024,1,13,"7,771"
2024,1,14,"6,661"
2024,1,15,"8,541"
2024,1,16,"6,262"
2024,1,17,"7,318"
2024,1,18,"6,504"
2024,1,19,"6,505"
2024,1,20,"7,336"
2024,1,21,"6,875"
2024,1,22,"7,009"
2024,1,23,"5,682"
2024,1,24,"7,218"
2024,1,25,"7,032"
2024,1,26,"7,466"
2024,1,27,"6,880"
2024,1,28,"6,125"
2024,1,29,"6,815"
2024,1,30,"5,298"
2024,1,31,"6,566"
2024,2,1,"6,862"
2024,2,2,"6,765"
2024,2,3,"7,785"
2024,2,4,"7,081"
2024,2,5,"8,282"
2024,2,6,"7,007"
2024,2,7,"8,579"
2024,2,8,"7,761"
2024,2,9,"7,716"
2024,2,10,"8,515"
2024,2,11,"7,858"
2024,2,12,"7,398"
2024,2,13,"6,846"
2024,2,14,"9,443"
2024,2,15,"7,432"
2024,2,16,"7,460"
2024,2,17,"8,083"
2024,2,18,"7,862"
2024,2,19,"7,587"
2024,2,20,"6,553"
2024,2,21,"7,289"
2024,2,22,"6,866"
2024,2,23,"7,230"
2024,2,24,"10,014"
2024,2,25,"6,744"
2024,2,26,"7,253"
2024,2,27,"6,213"
2024,2,28,"6,958"
2024,2,29,"6,908"
2024,3,1,"6,878"
2024,3,2,"8,085"
2024,3,3,"6,704"
2024,3,4,"7,124"
2024,3,5,"5,832"
2024,3,6,"6,254"
2024,3,7,"6,344"
2024,3,8,"6,721"
2024,3,9,"6,780"
2024,3,10,"6,393"
2024,3,11,"6,348"
2024,3,12,"5,680"
2024,3,13,"6,141"
2024,3,14,"5,920"
2024,3,15,"6,145"
2024,3,16,"7,068"
2024,3,17,"6,866"
2024,3,18,"7,873"
2024,3,19,"5,697"
2024,3,20,"6,831"
2024,3,21,"7,492"
2024,3,22,"7,268"
2024,3,23,"8,534"
2024,3,24,"8,073"
2024,3,25,"6,782"
2024,3,26,"5,834"
2024,3,27,"6,205"
2024,3,28,"7,621"
2024,3,29,"6,150"
2024,3,30,"8,129"
2024,3,31,"5,409"
2024,4,1,"5,363"
2024,4,2,"4,761"
2024,4,3,"5,551"
2024,4,4,"6,174"
2024,4,5,"5,618"
2024,4,6,"7,157"
2024,4,7,"5,173"
2024,4,8,"5,347"
2024,4,9,"5,394"
2024,4,10,"6,263"
2024,4,11,"4,563"
2024,4,12,"5,281"
2024,4,13,"3,658"
2024,4,14,"5,200"
2024,4,15,"6,582"
2024,4,16,"3,230"
2024,4,17,"4,418"
2024,4,18,"5,256"
2024,4,19,"4,987"
2024,4,20,"3,411"
2024,4,21,"4,279"
2024,4,22,"4,495"
2024,4,23,"3,977"
2024,4,24,"4,166"
2024,4,25,"4,899"
2024,4,26,"4,390"
2024,4,27,"5,372"
2024,4,28,"4,091"
2024,4,29,"5,757"
2024,4,30,"4,054"
2024,5,1,"5,119"
2024,5,2,"4,348"
2024,5,3,"4,090"
2024,5,4,"4,105"
2024,5,5,"4,382"
2024,5,6,"3,646"
2024,5,7,"2,836"
2024,5,8,"3,106"
2024,5,9,"3,583"
2024,5,10,"3,980"
2024,5,11,"3,648"
2024,5,12,"3,199"
2024,5,13,"3,125"
2024,5,14,"3,072"
2024,5,15,"5,781"
2024,5,16,"3,699"
2024,5,17,"4,005"
2024,5,18,"3,997"
2024,5,19,"3,191"
2024,5,20,"3,434"
2024,5,21,"3,085"
2024,5,22,"2,750"
2024,5,23,"3,554"
2024,5,24,"4,180"
2024,5,25,"3,842"
2024,5,26,"3,133"
2024,5,27,"3,140"
2024,5,28,"2,639"
2024,5,29,"2,739"
2024,5,30,"3,257"
2024,5,31,"3,463"
2024,6,1,"3,374"
2024,6,2,"3,312"
2024,6,3,"3,199"
2024,6,4,"3,035"
2024,6,5,"2,746"
2024,6,6,"3,376"
2024,6,7,"3,713"
2024,6,8,"3,495"
2024,6,9,"3,035"
2024,6,10,"3,132"
2024,6,11,"2,895"
2024,6,12,"3,224"
2024,6,13,"4,691"
2024,6,14,"5,602"
2024,6,15,"5,824"
2024,6,16,"4,180"
2024,6,17,"3,779"
2024,6,18,"3,910"
2024,6,19,"3,303"
2024,6,20,"3,893"
2024,6,21,"3,734"
2024,6,22,"3,578"
2024,6,23,"3,353"
2024,6,24,"3,741"
2024,6,25,"3,542"
2024,6,26,"3,349"
2024,6,27,"4,357"
2024,6,28,"4,749"
2024,6,29,"4,942"
2024,6,30,"4,407"
2024,7,1,"5,135"
2024,7,2,"5,047"
2024,7,3,"4,886"
2024,7,4,"6,232"
2024,7,5,"6,835"
2024,7,6,"7,550"
2024,7,7,"7,518"
2024,7,8,"6,937"
2024,7,9,"5,953"
2024,7,10,"5,014"
2024,7,11,"6,040"
2024,7,12,"5,926"
2024,7,13,"6,021"
2024,7,14,"6,549"
2024,7,15,"5,970"
2024,7,16,"5,418"
2024,7,17,"6,296"
2024,7,18,"6,383"
2024,7,19,"6,406"
2024,7,20,"6,335"
2024,7,21,"5,841"
2024,7,22,"6,293"
2024,7,23,"5,729"
2024,7,24,"5,994"
2024,7,25,"6,332"
2024,7,26,"6,235"
2024,7,27,"6,135"
2024,7,28,"6,082"
2024,7,29,"6,209"
2024,7,30,"5,565"
2024,7,31,"4,944"
2024,8,1,"6,751"
2024,8,2,"6,593"
2024,8,3,"7,191"
2024,8,4,"6,354"
2024,8,5,"6,486"
2024,8,6,"6,844"
2024,8,7,"6,398"
2024,8,8,"6,533"
2024,8,9,"6,621"
2024,8,10,"7,200"
2024,8,11,"6,402"
2024,8,12,"5,850"
2024,8,13,"5,689"
2024,8,14,"6,721"
2024,8,15,"6,986"
2024,8,16,"5,275"
2024,8,17,"5,265"
2024,8,18,"4,525"
2024,8,19,"4,139"
2024,8,20,"4,525"
2024,8,21,"4,623"
2024,8,22,"4,624"
2024,8,23,"4,242"
2024,8,24,"4,089"
2024,8,25,"3,694"
2024,8,26,"3,501"
2024,8,27,"3,375"
2024,8,28,"2,804"
2024,8,29,"3,649"
2024,8,30,"3,842"
2024,8,31,"3,818"
2024,9,1,"3,877"
2024,9,2,"4,303"
2024,9,3,"4,246"
2024,9,4,"4,868"
2024,9,5,"3,779"
2024,9,6,"4,050"
2024,9,7,"4,116"
2024,9,8,"3,866"
2024,9,9,"4,076"
2024,9,10,"4,176"
2024,9,11,"3,619"
2024,9,12,"4,228"
2024,9,13,"5,338"
2024,9,14,"4,754"
2024,9,15,"3,658"
2024,9,16,"3,860"
2024,9,17,"3,863"
2024,9,18,"3,099"
2024,9,19,"3,561"
2024,9,20,"4,042"
2024,9,21,"3,987"
2024,9,22,"3,510"
2024,9,23,"3,763"
2024,9,24,"3,944"
2024,9,25,"3,372"
2024,9,26,"4,284"
2024,9,27,"4,814"
2024,9,28,"4,963"
2024,9,29,"3,994"
2024,9,30,"4,130"
2024,10,1,"4,531"
2024,10,2,"4,375"
2024,10,3,"4,269"
2024,10,4,"4,503"
2024,10,5,"4,280"
2024,10,6,"4,007"
2024,10,7,"3,849"
2024,10,8,"3,693"
2024,10,9,"3,369"
2024,10,10,"4,404"
2024,10,11,"5,024"
2024,10,12,"4,859"
2024,10,13,"4,189"
2024,10,14,"4,565"
2024,10,15,"3,573"
2024,10,16,"3,352"
2024,10,17,"4,385"
2024,10,18,"5,396"
2024,10,19,"5,166"
2024,10,20,"4,046"
2024,10,21,"4,833"
2024,10,22,"4,081"
2024,10,23,"3,871"
2024,10,24,"4,213"
2024,10,25,"5,556"
2024,10,26,"4,800"
2024,10,27,"3,951"
2024,10,28,"4,604"
2024,10,29,"4,174"
2024,10,30,"4,876"
2024,10,31,"5,113"
2024,11,1,"6,606"
2024,11,2,"6,423"
2024,11,3,"6,175"
2024,11,4,"6,304"
2024,11,5,"5,111"
2024,11,6,"5,854"
2024,11,7,"5,675"
2024,11,8,"6,575"
2024,11,9,"5,963"
2024,11,10,"7,081"
2024,11,11,"7,240"
2024,11,12,"4,889"
2024,11,13,"5,062"
2024,11,14,"5,196"
2024,11,15,"6,490"
2024,11,16,"6,136"
2024,11,17,"6,535"
2024,11,18,"6,217"
2024,11,19,"5,282"
2024,11,20,"6,147"
2024,11,21,"5,569"
2024,11,22,"6,915"
2024,11,23,"6,136"
2024,11,24,"6,088"
2024,11,25,"6,052"
2024,11,26,"4,453"
2024,11,27,"5,516"
2024,11,28,"6,015"
2024,11,29,"7,594"
2024,11,30,"8,859"
2024,12,1,"6,415"
2024,12,2,"7,164"
2024,12,3,"4,703"
2024,12,4,"5,676"
2024,12,5,"5,258"
2024,12,6,"6,058"
2024,12,7,"5,917"
2024,12,8,"5,984"
2024,12,9,"6,119"
2024,12,10,"5,507"
2024,12,11,"9,847"
2024,12,12,"6,222"
2024,12,13,"7,584"
2024,12,14,"6,863"
2024,12,15,"7,798"
2024,12,16,"8,425"
2024,12,17,"7,135"
2024,12,18,"7,852"
2024,12,19,"8,653"
2024,12,20,"10,649"
2024,12,21,"10,734"
2024,12,22,"10,820"
2024,12,23,"11,284"
2024,12,24,"9,420"
2024,12,25,"9,378"
2024,12,26,"10,493"
2024,12,27,"11,232"
2024,12,28,"10,050"
2024,12,29,"9,847"
2024,12,30,"8,900"
2024,12,31,"6,605"
2025,1,1,"6,879"
2025,1,2,"9,391"
2025,1,3,"8,974"
2025,1,4,"6,990"
2025,1,5,"7,180"
2025,1,6,"8,065"
2025,1,7,"7,372"
2025,1,8,"8,333"
2025,1,9,"7,756"
2025,1,10,"8,477"
2025,1,11,"8,373"
2025,1,12,"8,219"
2025,1,13,"8,715"
2025,1,14,"7,687"
2025,1,15,"8,196"
2025,1,16,"8,050"
2025,1,17,"8,710"
2025,1,18,"8,322"
2025,1,19,"8,069"
2025,1,20,"8,715"
2025,1,21,"7,615"
2025,1,22,"7,516"
2025,1,23,"8,091"
2025,1,24,"9,788"
2025,1,25,"9,224"
2025,1,26,"8,332"
2025,1,27,"8,511"
2025,1,28,"7,608"
2025,1,29,"7,383"
2025,1,30,"7,790"
2025,1,31,"8,376"
2025,2,1,"9,099"
2025,2,2,"9,096"
2025,2,3,"9,974"
2025,2,4,"7,897"
2025,2,5,"8,224"
2025,2,6,"8,236"
2025,2,7,"9,138"
2025,2,8,"9,174"
2025,2,9,"8,837"
2025,2,10,"9,300"
2025,2,11,"7,730"
2025,2,12,"7,836"
2025,2,13,"10,497"
2025,2,14,"9,789"
2025,2,15,"9,040"
2025,2,16,"7,942"
2025,2,17,"9,323"
2025,2,18,"7,964"
2025,2,19,"8,003"
2025,2,20,"8,333"
2025,2,21,"9,001"
2025,2,22,"10,815"
2025,2,23,"8,738"
2025,2,24,"8,851"
2025,2,25,"6,569"
2025,2,26,"6,450"
2025,2,27,"6,482"
2025,2,28,"7,879"
2025,3,1,"7,667"
2025,3,2,"8,375"
2025,3,3,"8,187"
2025,3,4,"6,595"
2025,3,5,"6,945"
2025,3,6,"7,311"
2025,3,7,"8,033"
2025,3,8,"9,073"
2025,3,9,"8,263"
2025,3,10,"7,439"
2025,3,11,"6,127"
2025,3,12,"6,383"
2025,3,13,"7,457"
2025,3,14,"7,897"
2025,3,15,"7,778"
2025,3,16,"7,752"
2025,3,17,"8,002"
2025,3,18,"6,589"
2025,3,19,"6,594"
2025,3,20,"6,516"
2025,3,21,"8,228"
2025,3,22,"7,479"
2025,3,23,"7,627"
2025,3,24,"7,058"
2025,3,25,"5,789"
2025,3,26,"6,819"
2025,3,27,"7,010"
2025,3,28,"8,619"
2025,3,29,"8,259"
2025,3,30,"7,143"
2025,3,31,"6,284"
2025,4,1,"6,053"
2025,4,2,"6,321"
2025,4,3,"6,178"
2025,4,4,"6,516"
2025,4,5,"6,934"
2025,4,6,"6,613"
2025,4,7,"6,293"
2025,4,8,"5,634"
2025,4,9,"6,027"
2025,4,10,"6,192"
2025,4,11,"6,348"
2025,4,12,"7,585"
2025,4,13,"6,307"
2025,4,14,"6,063"
2025,4,15,"4,851"
2025,4,16,"5,460"
2025,4,17,"6,491"
2025,4,18,"7,170"
2025,4,19,"5,791"
2025,4,20,"5,118"
2025,4,21,"5,204"
2025,4,22,"4,830"
2025,4,23,"5,164"
2025,4,24,"5,177"
2025,4,25,"5,655"
2025,4,26,"5,661"
2025,4,27,"5,469"
2025,4,28,"4,008"
2025,4,29,"4,194"
2025,4,30,"5,301"
2025,5,1,"6,311"
2025,5,2,"5,505"
2025,5,3,"4,591"
2025,5,4,"4,115"
2025,5,5,"4,246"
2025,5,6,"4,248"
2025,5,7,"4,895"
2025,5,8,"3,961"
2025,5,9,"4,594"
2025,5,10,"4,495"
2025,5,11,"5,864"
2025,5,12,"3,377"
2025,5,13,"3,553"
2025,5,14,"3,573"
2025,5,15,"4,021"
2025,5,16,"4,494"
2025,5,17,"4,364"
2025,5,18,"4,214"
2025,5,19,"4,071"
2025,5,20,"3,767"
2025,5,21,"3,526"
2025,5,22,"4,124"
2025,5,23,"4,803"
2025,5,24,"4,314"
2025,5,25,"4,186"
2025,5,26,"3,768"
2025,5,27,"3,504"
2025,5,28,"3,636"
2025,5,29,"3,953"
2025,5,30,"4,528"
2025,5,31,"4,318"
2025,6,1,"3,898"
2025,6,2,"3,752"
2025,6,3,"4,064"
2025,6,4,"4,158"
2025,6,5,"5,421"
2025,6,6,"5,211"
2025,6,7,"5,043"
2025,6,8,"4,535"
2025,6,9,"3,911"
2025,6,10,"3,969"
2025,6,11,"3,551"
2025,6,12,"4,014"
2025,6,13,"4,122"
2025,6,14,"4,138"
2025,6,15,"4,069"
2025,6,16,"3,678"
2025,6,17,"3,533"
2025,6,18,"3,503"
2025,6,19,"4,098"
2025,6,20,"4,836"
2025,6,21,"4,906"
2025,6,22,"5,076"
2025,6,23,"5,083"
2025,6,24,"4,993"
2025,6,25,"5,807"
2025,6,26,"7,100"
2025,6,27,"6,012"
2025,6,28,"5,617"
2025,6,29,"5,101"
2025,6,30,"5,042"
2025,7,1,"5,335"
2025,7,2,"5,046"
2025,7,3,"6,640"
2025,7,4,"6,325"
2025,7,5,"6,775"
2025,7,6,"5,881"
2025,7,7,"6,231"
2025,7,8,"6,067"
2025,7,9,"5,047"
2025,7,10,"6,322"
2025,7,11,"6,722"
2025,7,12,"6,952"
2025,7,13,"6,428"
2025,7,14,"6,724"
2025,7,15,"6,456"
2025,7,16,"5,814"
2025,7,17,"6,795"
2025,7,18,"6,944"
2025,7,19,"7,167"
2025,7,20,"6,337"
2025,7,21,"6,956"
2025,7,22,"6,312"
2025,7,23,"5,912"
2025,7,24,"6,930"
2025,7,25,"7,521"
2025,7,26,"7,579"
2025,7,27,"6,692"
2025,7,28,"6,737"
2025,7,29,"6,387"
2025,7,30,"6,070"
2025,7,31,"7,140"
2025,8,1,"8,140"
2025,8,2,"8,481"
2025,8,3,"7,711"
2025,8,4,"8,441"
2025,8,5,"7,274"
2025,8,6,"6,494"
2025,8,7,"7,676"
2025,8,8,"7,223"
2025,8,9,"8,204"
2025,8,10,"7,838"
2025,8,11,"6,605"
2025,8,12,"7,188"
2025,8,13,"8,131"
2025,8,14,"7,987"
2025,8,15,"7,998"
2025,8,16,"7,367"
2025,8,17,"6,468"
2025,8,18,"5,833"
2025,8,19,"5,713"
2025,8,20,"5,983"
2025,8,21,"5,080"
2025,8,22,"5,235"
2025,8,23,"5,038"
2025,8,24,"4,658"
2025,8,25,"4,007"
2025,8,26,"4,250"
2025,8,27,"3,946"
2025,8,28,"4,369"
2025,8,29,"4,150"
2025,8,30,"5,022"
2025,8,31,"5,725"
2025,9,1,"5,278"
2025,9,2,"5,414"
2025,9,3,"4,796"
2025,9,4,"5,940"
2025,9,5,"5,596"
2025,9,6,"5,222"
2025,9,7,"5,249"
2025,9,8,"4,936"
2025,9,9,"5,098"
2025,9,10,"4,716"
2025,9,11,"5,495"
2025,9,12,"6,080"
2025,9,13,"5,953"
2025,9,14,"5,585"
2025,9,15,"5,029"
2025,9,16,"5,380"
2025,9,17,"4,625"
2025,9,18,"5,447"
2025,9,19,"5,389"
2025,9,20,"5,954"
2025,9,21,"4,642"
2025,9,22,"4,614"
2025,9,23,"5,379"
2025,9,24,"4,561"
2025,9,25,"4,666"
2025,9,26,"5,891"
2025,9,27,"6,150"
2025,9,28,"5,588"
2025,9,29,"4,959"
2025,9,30,"5,339"
2025,10,1,"6,751"
2025,10,2,"6,021"
2025,10,3,"6,146"
2025,10,4,"5,802"
2025,10,5,"4,847"
2025,10,6,"4,478"
2025,10,7,"4,429"
2025,10,8,"4,216"
2025,10,9,"4,177"
2025,10,10,"5,259"
2025,10,11,"5,378"
2025,10,12,"5,235"
2025,10,13,"4,376"
2025,10,14,"4,098"
2025,10,15,"4,442"
2025,10,16,"4,911"
2025,10,17,"5,768"
2025,10,18,"6,552"
2025,10,19,"5,976"
2025,10,20,"4,626"
2025,10,21,"5,041"
2025,10,22,"5,535"
2025,10,23,"5,604"
2025,10,24,"7,145"
2025,10,25,"5,443"
2025,10,26,"4,583"
2025,10,27,"5,618"
2025,10,28,"5,577"
2025,10,29,"5,028"
2025,10,30,"5,216"
2025,10,31,"6,915"
2025,11,1,"7,412"
2025,11,2,"7,205"
2025,11,3,"6,173"
2025,11,4,"6,330"
2025,11,5,"5,695"
2025,11,6,"7,021"
2025,11,7,"7,159"
2025,11,8,"7,742"
2025,11,9,"7,153"
2025,11,10,"7,292"
2025,11,11,"7,102"
2025,11,12,"5,986"
2025,11,13,"6,922"
2025,11,14,"6,510"
2025,11,15,"7,463"
2025,11,16,"7,558"
2025,11,17,"6,757"
2025,11,18,"7,245"
2025,11,19,"8,058"
2025,11,20,"7,562"
2025,11,21,"7,764"
2025,11,22,"8,530"
2025,11,23,"7,653"
2025,11,24,"6,856"
2025,11,25,"6,512"
2025,11,26,"6,272"
2025,11,27,"7,425"
2025,11,28,"6,410"
2025,11,29,"6,793"
2025,11,30,"8,346"
2025,12,1,"6,328"
2025,12,2,"8,178"
2025,12,3,"5,221"
2025,12,4,"5,319"
2025,12,5,"5,927"
2025,12,6,"6,026"
2025,12,7,"6,977"
2025,12,8,"6,245"
2025,12,9,"6,768"
2025,12,10,"6,271"
2025,12,11,"6,763"
2025,12,12,"7,610"
2025,12,13,"7,461"
2025,12,14,"7,936"
2025,12,15,"7,305"
2025,12,16,"7,720"
2025,12,17,"7,561"
2025,12,18,"9,142"
2025,12,19,"9,525"
2025,12,20,"10,081"
2025,12,21,"10,245"
2025,12,22,"10,636"
2025,12,23,"10,281"
2025,12,24,"9,215"
2025,12,25,"11,111"
2025,12,26,"11,756"
2025,12,27,"12,397"
2025,12,28,"11,203"
2025,12,29,"10,177"
2025,12,30,"10,425"
2025,12,31,"7,118"